Filename,1,2,3,4,5,6,7,8,9,10,11,12,13,14,15,16,17,18,19,20,21,22,23,24,25,26,27,28,29,30,31,32,Lifetime
p1,1.5436728,0.0,1.4661007,0.0,0.0,0.0,0.0,0.0,0.0,1.315481,1.0476973,0.8976646,0.596849,0.0,0.0,0.0,0.0,0.38452548,0.0,0.0,0.0,0.0,0.41420293,0.050135136,0.0,0.0,0.0,0.0,0.0,0.0,0.0,0.7327522,-2.0211563
p2,0.87338376,0.0,0.8180251,0.0,0.0,0.0,0.0,0.0,0.0,1.0859194,0.70206267,0.5820821,0.29071158,0.0,0.0,0.0,0.0,0.15614241,0.0,0.0,0.0,0.0,0.14407909,0.0,0.5443034,0.048003256,0.0,0.0,0.0,0.10259727,0.0,0.45113236,-2.9935246
p3,0.38545012,0.0,0.5497377,0.0,0.0,0.0,0.0,0.0,0.0,0.5125294,0.7812931,0.7052015,0.47364902,0.0,0.0,0.0,0.0,0.25483608,0.0,0.0,0.0,0.0,0.48238754,0.62349176,0.0,0.0,0.0,0.0,0.0,0.007831603,0.0,0.5738821,-1.5617023
p4,1.0356762,0.0,1.6096046,0.0,0.0,0.0,0.0,0.0,0.0,0.597517,0.7190705,0.63479245,0.38248873,0.0,0.0,0.0,0.0,0.19743714,0.0,0.0,0.0,0.0,0.37637734,1.3629036,0.0,0.013862073,0.0,0.0,0.0,0.06937012,0.0,0.5015842,-2.8477144
p5,0.31180918,0.0,0.7058799,0.0,0.0,0.0,0.0,0.0,0.0,0.39760542,0.8195729,0.75129384,0.53739864,0.0,0.0,0.0,0.0,0.2936073,0.0,0.0,0.0,0.0,0.57616794,0.9531841,0.0,0.0,0.0,0.0,0.0,0.0,0.17155504,0.61952007,-3.9955368
p6,0.5742154,0.0,1.1245981,0.0,0.0,0.0,0.0,0.0,0.0,0.13073575,0.75452757,0.71473,0.5217563,0.0,0.0,0.0,0.0,0.27813473,0.0,0.0,0.0,0.0,0.62640834,1.203659,0.12577772,0.0,0.0,0.0,0.0,0.0,0.40885568,0.60268176,-0.098985836
p7,0.4630785,0.0,1.1094261,0.0,0.0,0.0,0.0,0.0,0.0,0.17513359,0.745348,0.7021245,0.48994184,0.0,0.0,0.0,0.0,0.25622234,0.0,0.0,0.0,0.03790897,0.58361447,1.3947439,0.0,0.0,0.0,0.0,0.0,0.013589919,0.30451775,0.57882833,-2.413065
p8,1.5208311,0.0,1.5070837,0.0,0.0,0.0,0.0,0.0,0.0,1.1649837,0.67137575,0.5491774,0.20724624,0.03018853,0.0,0.0,0.0,0.10841203,0.0,0.0,0.0,0.0,0.05076003,0.50176764,0.0,0.100942075,0.0,0.0,0.0,0.15078938,0.0,0.40293455,-0.75656
p9,2.3677754,0.0,2.0961776,0.0,0.0,0.0,0.0,0.0,0.0,1.7736342,1.0717305,0.89241385,0.5176424,0.0,0.0,0.0,0.0,0.36263812,0.0,0.0,0.0,0.0,0.21652198,0.0,0.0,0.0,0.0,0.0,0.0,0.0,0.0,0.71582776,-2.0941916
p10,2.5894125,0.0,2.2139766,0.0,0.0,0.0,0.0,0.0,0.0,1.9757817,1.1240373,0.93143964,0.52193826,0.0,0.0,0.0,0.0,0.37960035,0.0,0.0,0.0,0.0,0.17005694,0.0,0.0,0.0,0.0,0.0,0.0,0.0,0.0,0.7428167,-2.5682368
p11,1.9061694,0.0,1.2681559,0.0,0.0,0.0,0.0,0.0,0.0,1.903296,1.0906385,0.8990435,0.51553476,0.0,0.0,0.0,0.0,0.36179507,0.0,0.0,0.0,0.0,0.17781079,0.0,0.0,0.0,0.0,0.0,0.0,0.0,0.0,0.71528465,-2.5844514
p12,0.0,0.41639328,0.07591963,0.0,0.41719198,0.34765458,0.0,0.9979506,0.31017327,0.0,0.0,0.0,0.0,0.82747144,0.21901983,0.5236469,0.31977546,0.0,0.0,0.0,0.562807,1.0942796,0.0,0.26284647,0.14180493,0.78226143,0.039968967,0.1239481,0.6284337,0.7671965,0.4606862,0.0,-1.3996737
p13,0.38944912,0.7827443,0.0,0.2500713,1.1707735,0.7119186,0.21381474,1.5497189,0.59909856,0.0,0.0,0.0,0.0,1.1149497,0.62111384,0.9546547,0.71557045,0.0,0.2887913,0.22534716,1.0675573,1.4508495,0.0,0.0,0.0,1.0216908,0.25435394,0.3036694,1.1853974,0.98312193,0.24202132,0.0,-3.6711721
p15,0.0,0.19061601,0.0,0.0,0.10311711,0.108441114,0.0,0.7603151,0.08875167,0.0,0.0,0.0,0.0,0.62172776,0.019198775,0.36020148,0.09911895,0.0,0.0,0.0,0.49970862,0.9288247,0.06077242,0.12139845,0.8355638,0.5976731,0.0,0.0,0.5106584,0.59812814,0.8723974,0.0,1.3506651
p16,0.0,0.3782493,0.0,0.0,0.52073324,0.30893576,0.0,1.0325856,0.24845064,0.0,0.0,0.0,0.0,0.77661294,0.2341941,0.5479995,0.29144716,0.0,0.0,0.0,0.69005597,1.1153761,0.0,0.0,0.0,0.72968847,0.0,0.08527845,0.7426554,0.7179325,0.6130717,0.0,0.23321548
p17,0.0,0.139503,0.0,0.0,0.13512313,0.080531955,0.0,0.6662618,0.049070477,0.0,0.0,0.0039678216,0.0,0.5760556,0.0,0.25213844,0.039956093,0.0,0.0,0.0,0.38250667,0.85943407,0.06364739,0.3296833,0.11210203,0.55951774,0.0,0.0,0.38844153,0.5640602,0.6872518,0.0,0.34390178
p18,0.0,0.3116386,0.0,0.0,0.32845974,0.24170327,0.0,0.88005,0.2025789,0.0,0.0,0.0,0.0,0.72844964,0.16009682,0.45566535,0.21379924,0.0,0.0,0.0,0.5741273,1.021813,0.0,0.04309845,0.105891705,0.6919959,0.0,0.057515204,0.60854757,0.6844593,0.6495948,0.0,0.17848647
p19,0.0,0.3090546,0.0,0.0,0.31912363,0.24404287,0.0,0.8373355,0.20180213,0.0,0.0,0.0,0.0,0.727169,0.1785559,0.44781125,0.20651412,0.0,0.0,0.0,0.5811631,1.0084084,0.0,0.0066604614,0.0,0.6914702,0.0,0.05757439,0.597041,0.6842006,0.6239686,0.0,-0.84267163
p20,0.0,3.5167708,0.0,3.3091903,3.0754492,3.5935612,3.1365142,2.9870112,3.466381,1.1324606,0.0,0.0,0.0,3.8248618,3.1775935,3.2701626,3.2779703,0.0,3.361991,3.2746935,2.1631207,3.186953,0.0,2.2246554,0.0,3.5080767,2.4112353,2.1557426,2.643368,3.268332,0.0,0.0,-0.9434945
p21,0.37162733,3.5258007,0.32395542,3.3025417,3.1335824,3.6004791,3.1317306,3.0917149,3.4773698,1.2527468,0.0,0.0,0.0,3.8240516,3.0789883,3.2018316,3.30484,0.0,3.3527808,3.2690773,1.9874206,3.1697438,0.0,2.39792,0.0,3.5079083,2.4024143,2.1551056,2.5343018,3.2681472,0.0,0.0,-2.2380462
p22,0.0,3.6897812,0.0,3.4700313,3.2843864,3.7575765,3.2929945,3.2109976,3.6239944,1.0730503,0.0,0.0,0.0,3.9758108,3.3240144,3.4385607,3.4578795,0.0,3.5256987,3.4338708,2.282964,3.330632,0.0,1.9864693,0.0,3.640128,2.5248842,2.254103,2.8044033,3.388515,0.0,0.0,-1.9229848
p23,0.38299298,3.6978202,0.21282852,3.4668398,3.3536856,3.7653923,3.2910376,3.3025262,3.6296926,1.0982146,0.0,0.0,0.0,3.977125,3.2748668,3.4156477,3.476934,0.0,3.521525,3.4311533,2.2111425,3.3436024,0.0,2.1292598,0.0,3.6406085,2.521104,2.2538993,2.7720993,3.3887205,0.0,0.0,-2.369086
p24,1.2447666,6.9157915,1.1682179,6.9210095,6.1086187,7.108937,6.6029716,5.592891,6.9058285,3.0951257,0.0,0.0,0.0,7.0755863,6.1546702,6.1763563,6.576457,0.0,6.998178,6.870491,3.6073332,5.5272264,0.0,4.6357117,0.0,6.4580665,4.9551272,4.3511434,4.6976376,5.9733806,0.0,0.0,-3.095518
p25,0.050439477,0.4852569,0.038224936,0.008259654,0.64606035,0.42526078,0.0,1.1242983,0.35910535,0.0,0.0,0.0,0.0,0.8808015,0.33491105,0.6316005,0.39055848,0.0,0.038488746,0.0,0.72952896,1.2023783,0.0,0.038147926,0.0,0.82469696,0.08240765,0.15617758,0.7934387,0.8052191,0.4287219,0.0,0.95833105
p26,0.0,3.854814,0.0,3.6406293,3.5236924,3.9390793,3.4566917,3.3330643,3.7695804,0.91192174,0.0,0.0,0.0,4.128349,3.6076462,3.6763313,3.6039515,0.0,3.7022638,3.6012402,2.6178622,3.5235984,0.0,1.7380533,0.0,3.7724876,2.6505907,2.3534648,3.0926952,3.5090811,0.0,0.0,-2.8418598
p28,0.0,0.49955952,0.0,0.024603486,0.6900469,0.44753957,0.0,1.0660865,0.37601554,0.0,0.0,0.0,0.0,0.89089197,0.3569607,0.6067822,0.40494668,0.0,0.05499828,0.0042283535,0.6974807,1.1519955,0.0,0.0,0.0,0.83517855,0.09221524,0.16551614,0.7554654,0.81528264,0.2831211,0.0,-2.7929516
p29,1.3895679,0.5443138,1.5798686,0.025311112,0.8339963,0.46313953,0.0,1.3992898,0.41356194,0.0,0.0,0.0,0.0,0.9086804,0.16848034,0.5258155,0.48951495,0.0,0.051011443,0.0069158077,0.38869673,1.1829528,0.0,0.26449728,0.0,0.8492506,0.085560024,0.17361253,0.597113,0.8273011,0.0,0.0,-3.0788193
p32,0.0,0.5159563,0.0,0.037430644,0.67989624,0.4559536,0.0041410923,1.0140994,0.3967284,0.0,0.0,0.0,0.0,0.8999885,0.33219212,0.56086206,0.4296106,0.0,0.06693709,0.017557383,0.58262426,1.0695677,0.0,0.0,0.0,0.8452707,0.09788376,0.17451173,0.67797804,0.8249828,0.12186313,0.0,-3.7442138
p33,0.02949065,0.0,0.3931229,0.0,0.0,0.0,0.0,0.0,0.0,0.33919966,0.564137,0.50054705,0.296206,0.05065003,0.0,0.0,0.0,0.11555937,0.0,0.0,0.0,0.0,0.34396505,0.46900225,0.77284324,0.11115822,0.0,0.0,0.0,0.15810975,0.19145632,0.39466885,-2.701136
p34,0.4057181,0.0,1.0102209,0.0,0.0,0.0,0.0,0.228778,0.0,0.0,0.36291492,0.3484503,0.15026039,0.20845956,0.0,0.0,0.0,0.009813309,0.0,0.0,0.0,0.29762328,0.28162527,0.7672787,0.8282548,0.2438944,0.0,0.0,0.0,0.27756655,0.38887215,0.27372432,-2.7000978
p35,0.10316783,0.0,0.45627415,0.0,0.0,0.0,0.0,0.14084452,0.0,0.012247801,0.3731761,0.35023075,0.1421367,0.21202552,0.0,0.0,0.0,0.0015963912,0.0,0.0,0.0,0.25737286,0.26400518,0.56839037,0.54037416,0.24831337,0.0,0.0,0.0,0.2820732,0.34819412,0.26456314,-3.1364064
p36,0.81729877,0.07749057,1.1869395,0.0,0.057855964,0.0,0.0,0.87758726,0.0,0.0,0.0,0.07274097,0.0,0.49830347,0.0,0.112228215,0.017532945,0.0,0.0,0.0,0.051702768,0.7952141,0.121153235,0.5323539,1.017558,0.48801237,0.0,0.0,0.20562917,0.4976204,0.63383293,0.058011174,-4.0824943
p37,0.0,0.08172715,0.0,0.0,0.008612633,0.03179097,0.0,0.44594598,0.014377594,0.0,0.023090243,0.0434013,0.0,0.52810675,0.0,0.1051631,0.0,0.0,0.0,0.0,0.16647184,0.67268294,0.027738214,0.31156015,0.07817936,0.52403265,0.0,0.0,0.17349838,0.53306067,0.48730636,0.0,-3.298198
p38,0.0,0.30740726,0.0,0.0,0.31911802,0.2379005,0.0,0.7898608,0.1925757,0.0,0.0,0.0,0.0,0.71392554,0.19508284,0.41813153,0.2073282,0.0,0.0,0.0,0.56660056,0.94768643,0.0,0.0,0.0,0.6780427,0.0,0.0492422,0.57901657,0.67183554,0.5571258,0.0,-4.034328
p39,0.5404569,3.3466158,0.06419706,3.076209,3.0797956,3.3948865,2.9179382,2.9195385,3.2853775,1.2853775,0.0,0.0,0.0,3.6212728,2.8278868,2.926709,3.163776,0.0,3.1244965,3.043889,1.702162,2.8687282,0.0,1.3976936,0.0,3.3232398,2.2356157,2.020582,2.2771735,3.0988834,0.0,0.0,-2.624179
p40,0.08067995,3.2132187,0.08748174,2.9726882,2.8400962,3.2770834,2.814762,2.8693056,3.157888,0.964175,0.0,0.0,0.0,3.530254,2.8247423,2.9859712,2.9995751,0.0,3.0214128,2.9404411,1.9513867,3.0055318,0.0,2.2930963,0.0,3.2401671,2.1722744,1.9543803,2.4124043,3.0222697,0.0,0.0,-3.225025
p41,0.0,0.13029206,0.0,0.0,0.19718492,0.08502984,0.0,0.6675598,0.036159515,0.0,0.0,0.01434201,0.0,0.57095295,0.0050572753,0.288984,0.030756116,0.0,0.0,0.0,0.4718746,0.90462863,0.09218621,0.44706392,0.0,0.5535828,0.0,0.0,0.45023608,0.5583266,0.755877,0.0,-0.6142854
p42,0.0,0.0,0.0,0.0,0.0,0.0,0.0,0.45755342,0.0,0.0,0.11109865,0.15850967,0.0,0.41703433,0.0,0.09551951,0.0,0.0,0.0,0.0,0.2756267,0.73073566,0.24848819,0.6842632,0.2796762,0.42015707,0.0,0.0,0.24052775,0.4369679,0.8859358,0.10542959,-0.78929013
p43,0.0,0.13147175,0.0,0.0,0.096385956,0.07160723,0.0,0.6468695,0.04208052,0.0,0.0,0.010786951,0.0,0.56698185,0.0,0.22982723,0.036670208,0.0,0.0,0.0,0.34565032,0.8318051,0.06266737,0.23863411,0.20451713,0.5516458,0.0,0.0,0.35608396,0.556878,0.66025877,0.0,0.9562449
p44,0.0,0.13691461,0.105864406,0.0,0.10617566,0.06987119,0.0,0.6935735,0.045811415,0.0,0.0,0.008511364,0.0,0.5676927,0.0,0.21418864,0.04803312,0.0,0.0,0.0,0.29718775,0.83141375,0.051596403,0.27593422,0.28502083,0.55184466,0.0,0.0,0.32734308,0.55690545,0.6064458,0.0,-0.0685569
p45,0.0,0.12913072,0.0,0.0,0.11499524,0.0714519,0.0,0.6053238,0.039911985,0.0,0.0,0.013835371,0.0,0.5651843,0.0,0.23321456,0.033602715,0.0,0.0,0.0,0.3664354,0.8133278,0.05889535,0.16634512,0.084902525,0.550646,0.0,0.0,0.35757974,0.5561072,0.6620145,0.0,1.2479515
p46,0.0,0.0058381557,0.0,0.0,0.0,0.0,0.0,0.37157688,0.0,0.0,0.090162516,0.113980174,0.0,0.45379007,0.0,0.02401492,0.0,0.0,0.0,0.0,0.0916428,0.5920751,0.121209264,0.082969666,0.46744168,0.45680934,0.0,0.0,0.09814798,0.47147238,0.5955827,0.058408737,-0.2964458
p47,0.0,0.11391878,0.0,0.0,0.068276525,0.054908633,0.0,0.6032653,0.023153424,0.0,0.0,0.022096932,0.0,0.55471903,0.0,0.254988,0.012728453,0.0,0.0,0.0,0.4240184,0.8372868,0.106110334,0.1850748,0.31622648,0.5401877,0.0,0.0,0.40095004,0.5463021,0.79940176,0.0,0.007888513
p48,0.0,0.0,0.0,0.0,0.0,0.0,0.0,0.40282154,0.0,0.0,0.08825195,0.12272781,0.0,0.44531637,0.0,0.06450099,0.0,0.0,0.0,0.0,0.19086386,0.65267336,0.17851579,0.22165394,0.5597631,0.4472732,0.0,0.0,0.1721105,0.46232498,0.7538848,0.07167572,-2.7575326
p49,0.0,0.04560733,0.1394167,0.0,0.0,0.0,0.0,0.5919336,0.0,0.0,0.0076091886,0.06072253,0.0,0.4979452,0.0,0.16700953,0.0,0.0,0.0,0.0,0.23928973,0.76489866,0.1587627,0.55752754,1.2174759,0.49261707,0.0,0.0,0.27199683,0.5029805,0.8856678,0.029405773,-0.8137144
p50,0.0,0.16794097,0.023854494,0.0,0.11940479,0.091374874,0.0,0.7823779,0.07123029,0.0,0.0,0.0,0.0,0.6068029,0.0020568967,0.34753788,0.071415424,0.0,0.0,0.0,0.48049694,0.94990236,0.08140206,0.51688385,0.7290764,0.58513206,0.0,0.0,0.49574405,0.5867255,0.88782763,0.0,0.48771593
p51,0.0,0.17212498,0.0,0.0,0.010430336,0.08467555,0.0,0.631568,0.07582474,0.0,0.0,0.0,0.0,0.6010284,0.027173042,0.28920722,0.071627736,0.0,0.0,0.0,0.42077598,0.8253691,0.053352356,0.0,0.8235674,0.5807865,0.0,0.0,0.42458063,0.58335775,0.7811315,0.0,0.34179774
p52,0.0,0.29918647,0.0,0.0,0.26674926,0.21798205,0.0,0.8831647,0.1842786,0.0,0.0,0.0,0.0,0.709528,0.1397956,0.43624628,0.20627189,0.0,0.0,0.0,0.55607975,0.99540824,0.0,0.0,0.36924887,0.6733052,0.0,0.043799043,0.5938051,0.66703516,0.6787181,0.0,-0.066325925
p53,0.0,0.42039466,0.0,0.0,0.62366796,0.37500894,0.0,1.0573983,0.29456174,0.0,0.0,0.0,0.0,0.82538766,0.3180185,0.6099955,0.32127082,0.0,0.0,0.0,0.78304183,1.1938215,0.0,0.14047575,0.0,0.7744928,0.041956246,0.11830729,0.8051611,0.7592059,0.55728865,0.0,0.1267957
p54,0.0,0.17118835,0.1486826,0.0,0.24719882,0.13153243,0.0,0.71225595,0.08565581,0.0,0.0,0.0,0.0,0.61053425,0.0,0.27373296,0.07467377,0.0,0.0,0.0,0.37492087,0.90497166,0.0,0.7104726,0.0,0.59196645,0.0,0.0,0.39149213,0.59392387,0.5610068,0.0,-0.7545624
p55,0.0,0.20123649,0.0025372505,0.0,0.19653475,0.14996374,0.0,0.7309347,0.1123389,0.0,0.0,0.0,0.0,0.6359101,0.023486495,0.30014163,0.10123956,0.0,0.0,0.0,0.40471712,0.9176298,0.0,0.5447087,0.038099766,0.61414766,0.0,0.0,0.40906197,0.6141301,0.57643604,0.0,-1.3432115
p56,0.83019924,0.45429528,0.957561,0.0,0.6300752,0.39144027,0.0,1.26809,0.33057284,0.0,0.0,0.0,0.0,0.8456387,0.19287223,0.5378452,0.37055683,0.0,0.0,0.0,0.5395563,1.2138271,0.0,0.64485264,0.0,0.79374963,0.044838905,0.1307841,0.64837575,0.77663773,0.28936076,0.0,0.6378947
p57,2.4314613,0.83357286,2.3030612,0.26659846,1.2597024,0.73470414,0.23216581,2.1036897,0.64800715,0.0,0.0,0.0,0.0,1.1511271,0.4305994,0.9059236,0.7841244,0.0,0.29816294,0.24415982,0.76108944,1.6427681,0.0,0.43523073,0.0,1.0525539,0.26152867,0.32131428,1.0354652,1.010176,0.0,0.0,-2.674126
p59,4.1848164,1.0114313,4.335188,0.3965398,1.6289415,0.8914075,0.36194658,2.6377592,0.80930185,0.0,0.0,0.0,0.0,1.2891994,0.36574835,0.9617219,1.0035899,0.0,0.42550826,0.3749621,0.5527814,1.8173409,0.0,1.0175977,0.0,1.1725726,0.3472076,0.4077527,1.0166831,1.1187062,0.0,0.0,-7.5850267
p61,1.8775005,0.5731032,2.1423733,0.041473866,0.9014361,0.48571253,0.012504101,1.6295438,0.4299122,0.0,0.0,0.0,0.0,0.9348387,0.17265958,0.61554134,0.5226674,0.0,0.06766844,0.022857904,0.47637975,1.3369606,0.0,0.7157831,0.0,0.86846894,0.100032985,0.18478376,0.71792614,0.8436634,0.06358266,0.0,-4.236572
p62,0.065999806,0.59369385,0.0,0.11200786,0.7296382,0.5328233,0.07598424,1.1347649,0.46150053,0.0,0.0,0.0,0.0,0.97149235,0.46031898,0.6824441,0.49496078,0.0,0.14338839,0.090358734,0.7567422,1.2030776,0.0,0.0,0.0,0.90595704,0.15338033,0.21872199,0.8156761,0.87984616,0.17688465,0.0,-4.36251
p65,0.0,0.32181084,0.0,0.0,0.28899288,0.23830521,0.0,0.7921839,0.20868778,0.0,0.0,0.0,0.0,0.723555,0.17090958,0.39823478,0.22783136,0.0,0.0,0.0,0.4958007,0.9092358,0.0,0.0,0.098056555,0.6875767,0.0,0.056850135,0.5342597,0.6806953,0.48919034,0.0,-3.08636
p68,0.0,0.0064190626,0.0,0.0,0.06512964,0.0,0.0,0.49241433,0.0,0.0,0.08255285,0.12240517,0.0,0.46187872,0.0,0.1076628,0.0,0.0,0.0,0.0,0.2674685,0.7562455,0.15683973,0.8077793,0.0,0.46108848,0.0,0.0,0.22814448,0.47470486,0.657146,0.06154847,0.115544505
p69,0.118763864,0.7921488,0.0,0.29925752,1.2278941,0.75967145,0.2574166,1.4639871,0.6304114,0.0,0.0,0.0,0.0,1.1485553,0.71585363,0.97049105,0.69598556,0.0,0.33775163,0.274634,1.1138146,1.5022975,0.0,0.0,0.0,1.0570345,0.29135257,0.32997876,1.1740456,1.0166779,0.09353328,0.0,-1.3184807
p70,0.55813444,0.8013694,0.103897095,0.2959844,1.2556419,0.76621234,0.25524306,1.5688429,0.635959,0.0,0.0,0.0,0.0,1.1501153,0.6701886,0.95195544,0.7140908,0.0,0.333313,0.27178335,1.0442933,1.5218158,0.0,0.0,0.0,1.0576425,0.28759843,0.32974678,1.1430767,1.0169401,0.021753788,0.0,-1.7994784
p74,0.9650667,0.0,1.0568746,0.0,0.0,0.0,0.0,0.0,0.0,0.9839108,0.90424675,0.7823435,0.5087471,0.0,0.0,0.0,0.0,0.29961222,0.0,0.0,0.0,0.0,0.40644646,0.81240845,0.0,0.0,0.0,0.0,0.0,0.0,0.0,0.6261705,-2.6518207
p75,0.9446559,0.0,1.1959391,0.0,0.0,0.0,0.0,0.0,0.0,0.80904007,0.85460734,0.7512151,0.49110037,0.0,0.0,0.0,0.0,0.28200728,0.0,0.0,0.0,0.0,0.42840278,1.0074716,0.0,0.0,0.0,0.0,0.0,0.0,0.0,0.6054578,-1.9227825
p76,1.047972,0.0,1.5543128,0.0,0.0,0.0,0.0,0.069572575,0.0,0.2596842,0.6291756,0.5878737,0.34990847,0.0,0.0,0.0,0.0,0.1718067,0.0,0.0,0.0,0.12263316,0.41327322,1.6060405,0.0,0.053301692,0.0,0.0,0.0,0.103904665,0.030361414,0.4790781,1.2818971
p77,0.9090502,0.0,1.3983393,0.0,0.0,0.0,0.0,0.11574758,0.0,0.03688526,0.6288699,0.60829484,0.38690007,0.0,0.0,0.0,0.0,0.19018891,0.0,0.0,0.0,0.22066647,0.507148,1.722961,0.0,0.036075473,0.0,0.0,0.0,0.08736819,0.27300715,0.50538373,-2.3856294
p78,0.0,0.0,0.0,0.0,0.0,0.0,0.0,0.0,0.0,0.0,0.42665708,0.41028208,0.2266118,0.14557964,0.0,0.0,0.0,0.05409509,0.0,0.0,0.0,0.15583152,0.36679637,0.079474926,1.161473,0.18865913,0.0,0.0,0.0,0.22750643,0.58167887,0.32743442,2.787626
p79,0.0,0.0,0.07970834,0.0,0.0,0.0,0.0,0.07229893,0.0,0.0,0.4044752,0.40046543,0.24329191,0.152363,0.0,0.0,0.0,0.056217372,0.0,0.0,0.0,0.2916364,0.42874432,0.60928583,1.2527593,0.19254392,0.0,0.0,0.0,0.23043281,0.7951722,0.32577527,0.6012824
p80,0.0,0.0,0.0,0.0,0.0,0.0,0.0,0.057410594,0.0,0.0,0.3692366,0.389686,0.28199214,0.16099149,0.0,0.0,0.0,0.05774921,0.0,0.0,0.041291922,0.43616107,0.5503906,0.79501104,1.5814493,0.19710207,0.0,0.0,0.0,0.2338314,1.3048162,0.32254308,-0.20766129
p81,0.0,0.0,0.0,0.0,0.0,0.0,0.0,0.0,0.0,0.036720157,0.42985564,0.39547688,0.23284388,0.13908708,0.0,0.0,0.0,0.05390197,0.0,0.0,0.0,0.02286613,0.340258,0.0,1.9826521,0.18760473,0.0,0.0,0.0,0.2273311,0.6138644,0.31621015,0.549443
p82,0.0,0.0,0.0,0.0,0.0,0.0,0.0,0.05453135,0.0,0.0,0.40562987,0.3955887,0.23476195,0.1619063,0.0,0.0,0.0,0.04660088,0.0,0.0,0.0,0.3075738,0.41662645,0.703228,0.93775797,0.2018401,0.0,0.0,0.0,0.2391268,0.77863646,0.31282717,-1.6345176
p83,0.0,0.0,0.0,0.0,0.0,0.0,0.0,0.0752562,0.0,0.0,0.3915553,0.38553786,0.22779864,0.17358506,0.0,0.0,0.0,0.038573742,0.0,0.0,0.0,0.34860796,0.42104232,0.8366332,0.8976157,0.21172643,0.0,0.0,0.0,0.24804574,0.8299134,0.30282664,0.48455006
p84,0.0,0.0,0.13587737,0.0,0.0,0.0,0.0,0.06735702,0.0,0.0,0.40658045,0.38836002,0.21347249,0.16972518,0.0,0.0,0.0,0.037705123,0.0,0.0,0.0,0.28086466,0.37189472,0.7234998,0.83472526,0.20997524,0.0,0.0,0.0,0.24682862,0.6327915,0.30268872,-1.721804
p85,0.0,0.0,0.09455395,0.0,0.0,0.0,0.0,0.08212802,0.0,0.0,0.3893988,0.37085903,0.19203585,0.19058889,0.0,0.0,0.0,0.020914197,0.0,0.0,0.0,0.31044066,0.35078037,0.79023504,0.61981916,0.22868949,0.0,0.0,0.0,0.2639715,0.6234429,0.28218555,0.89637756
p86,0.0,0.0,0.0,0.0,0.0,0.0,0.0,0.039526932,0.0,0.0,0.40127915,0.4020483,0.2531975,0.15345061,0.0,0.0,0.0,0.055930674,0.0,0.0,0.0,0.3146178,0.45102382,0.6763754,1.16271,0.19353473,0.0,0.0,0.0,0.23126286,0.91305494,0.3242433,0.6490739
p87,0.0,0.0,0.0,0.0,0.0,0.0,0.0,0.0,0.0,0.0,0.43437457,0.4072094,0.23365736,0.1428091,0.0,0.0,0.0,0.0538342,0.0,0.0,0.0,0.13410568,0.3621652,0.19542503,1.2669163,0.18853748,0.0,0.0,0.0,0.22774673,0.6020105,0.32025313,0.9586073
p88,0.0,0.0,0.0,0.0,0.0,0.0,0.0,0.11492882,0.0,0.0,0.32746196,0.3439116,0.21478969,0.20792186,0.0,0.0,0.0,0.018930912,0.0,0.0,0.0,0.42963383,0.4602338,0.6020527,1.5021205,0.2393598,0.0,0.0,0.0,0.27262163,1.1186054,0.27848893,-0.16220583
p89,0.0,0.16887736,0.0,0.0,0.10133529,0.09455204,0.0,0.65712047,0.07544851,0.0,0.0,0.0,0.0,0.60680157,0.040637076,0.32896632,0.06779766,0.0,0.0,0.0,0.48249996,0.8744036,0.05540991,0.092451096,0.48084855,0.58668184,0.0,0.0,0.47279716,0.5887197,0.82808876,0.0,1.853872
p90,0.0,0.0,0.09006965,0.0,0.0,0.0,0.0,0.37151894,0.0,0.0,0.19439793,0.22564107,0.060410738,0.33582646,0.0,0.0,0.0,0.0,0.0,0.0,0.037129134,0.58308214,0.30456126,0.65445995,1.0062999,0.35067743,0.0,0.0,0.046155863,0.37383825,0.88641024,0.17204577,0.213382
p93,0.0,0.090923905,0.0,0.0,0.28374386,0.0,0.0,0.8520597,0.0,0.0,0.0,0.12301308,0.0,0.49289453,0.0,0.307428,0.019888043,0.0,0.0,0.0,0.57965344,0.90821123,0.24818957,0.0,0.0,0.47037953,0.0,0.0,0.5651661,0.47975904,0.96307397,0.111798406,0.9597934
p94,0.22116184,0.3871709,0.08156037,0.0,0.54559445,0.30583167,0.0,1.0833199,0.25437856,0.0,0.0,0.0,0.0,0.776679,0.20894271,0.5203127,0.306548,0.0,0.0,0.0,0.61656165,1.0987065,0.0,0.0,0.0,0.72921246,0.0,0.08523363,0.6938511,0.7173842,0.4981122,0.0,1.2825292
p95,0.0,0.262689,0.0,0.0,0.3786664,0.19430077,0.0,0.92812395,0.14017653,0.0,0.0,0.0,0.0,0.6794794,0.16407675,0.4782247,0.16649234,0.0,0.0,0.0,0.69064295,1.0719688,0.021062136,0.13466072,0.0,0.643797,0.0,0.020255685,0.6752919,0.63946474,0.8027158,0.0,-0.8361975
p96,0.0,0.428352,0.0,0.0,0.60368717,0.36449182,0.0,1.085818,0.29300296,0.0,0.0,0.0,0.0,0.8283362,0.3496055,0.651417,0.3288983,0.0,0.0,0.0,0.8539916,1.2124207,0.0,0.0,0.0,0.7747769,0.0435943,0.11836058,0.8552133,0.7589559,0.657043,0.0,1.377061
p97,0.6238893,0.4705479,0.52322876,0.0,0.76444745,0.38838005,0.0,1.3906713,0.31038904,0.0,0.0,0.0,0.0,0.8438087,0.30410284,0.6812786,0.39377868,0.0,0.0,0.0,0.83112675,1.3147191,0.0,0.0,0.0,0.7817041,0.043421507,0.12210411,0.90699685,0.7637437,0.5977068,0.0,-0.24229291
p102,0.0,0.25654006,0.0,0.0,0.5218904,0.166664,0.0,0.9926413,0.099823356,0.0,0.0,0.0,0.0,0.6420962,0.18735093,0.4923464,0.1793518,0.0,0.0,0.0,0.779014,1.0535573,0.08918798,0.0,0.0,0.6012437,0.0,0.0,0.76902354,0.5991353,0.8387706,0.0,0.10952309
p103,0.0,0.22991335,0.0,0.0,0.31556857,0.15999317,0.0,0.88572896,0.11086416,0.0,0.0,0.0,0.0,0.65398103,0.14728016,0.464395,0.13006842,0.0,0.0,0.0,0.69361544,1.0598143,0.06183827,0.24767065,0.0,0.621676,0.0,0.0033311248,0.66350067,0.6192992,0.88374186,0.0,-1.4295908
p104,0.0,0.11267328,0.0,0.0,0.2187624,0.028033137,0.0,0.75528544,0.0,0.0,0.0,0.06997192,0.0,0.53125566,0.007308185,0.31020337,0.028423786,0.0,0.0,0.0,0.5518618,0.8904986,0.17751145,0.0,0.0,0.5106656,0.0,0.0,0.52483284,0.51770663,0.9061587,0.0480749,-0.4462264
p105,0.0,1.8631064,0.0,1.5209249,1.7153683,1.8657051,1.4226253,1.9373996,1.7665708,0.0,0.0,0.0,0.0,2.2291076,1.7268393,1.9297211,1.6889763,0.0,1.563727,1.4932843,1.5882294,2.1698747,0.0,1.0733933,0.0,2.052093,1.1542034,1.069776,1.764821,1.9315004,0.0,0.0,-2.7789466
p106,0.0,0.17925644,0.0,0.0,0.33230877,0.08976722,0.0,0.91889644,0.04550302,0.0,0.0,0.019378364,0.0,0.58681625,0.061162233,0.39121503,0.09890294,0.0,0.0,0.0,0.61841995,0.9938376,0.13234782,0.0,0.0,0.5573676,0.0,0.0,0.61711144,0.5597459,0.8734951,0.0087246895,0.33724216
p107,0.0,0.1758188,0.0,0.0,0.25070918,0.10333884,0.0,0.84681875,0.05990815,0.0,0.0,0.0,0.0,0.60454804,0.08391231,0.4093247,0.07744706,0.0,0.0,0.0,0.6403202,1.0189195,0.118653774,0.32226276,0.049028397,0.57785624,0.0,0.0,0.6074749,0.5792475,0.93356633,0.0,-0.103803724
p110,1.0698935,0.8158412,0.405362,0.2601012,1.3010089,0.7210541,0.22532427,1.7727838,0.6179153,0.0,0.0,0.0,0.0,1.1299651,0.620501,0.96341836,0.7559738,0.0,0.29861808,0.23512769,1.0209997,1.5192446,0.0,0.0,0.0,1.0310771,0.26058668,0.3105238,1.1833376,0.9908896,0.08072519,0.0,-1.2177471
p111,0.0,0.19668949,0.0,0.0,0.02816379,0.13890684,0.0,0.54440475,0.12463522,0.0,0.0,0.0,0.0,0.65466255,0.08947688,0.35866493,0.07957733,0.0,0.0,0.0,0.4935361,0.87301594,0.0,0.46093225,0.72024727,0.63584554,0.0,0.015231609,0.45860597,0.63480973,0.81746316,0.0,-1.7943486
p114,0.21482909,2.7956133,0.0,2.482851,2.6617281,2.8255982,2.3486867,2.7258954,2.693942,0.3468814,0.0,0.0,0.0,3.1005177,2.5002167,2.699023,2.6143682,0.0,2.5333776,2.4503846,1.9410365,2.7947738,0.0,1.2621002,0.0,2.83853,1.830121,1.6559618,2.3385148,2.6519766,0.0,0.0,-1.7920133
p115,0.0,1.5834693,0.0,1.1900367,1.600663,1.5705498,1.1080906,1.8903289,1.4645393,0.0,0.0,0.0,0.0,1.9414165,1.4188056,1.6786652,1.4399915,0.0,1.2314504,1.1634396,1.4403148,2.0144768,0.0,0.6673713,0.0,1.7856181,0.92011887,0.87093216,1.6172847,1.6860967,0.0,0.0,-0.670153
p117,0.0,2.7847838,0.0,2.4904704,2.4681997,2.7950249,2.354201,2.627585,2.6810422,0.13581145,0.0,0.0,0.0,3.1034389,2.594211,2.8000996,2.5829096,0.0,2.5435605,2.4569106,2.1582315,2.81987,0.0,0.9977937,0.0,2.8404977,1.8405163,1.6574657,2.4732046,2.6535943,0.0,0.0,-3.0644705
p118,0.0,1.5766236,0.0,1.1945018,1.4208808,1.5407318,1.1115258,1.7859788,1.4585223,0.0,0.0,0.0,0.0,1.9417331,1.463059,1.7237008,1.4222267,0.0,1.2371751,1.1673349,1.5346658,1.9855249,0.0,0.2990737,0.0,1.7861967,0.9252768,0.8721505,1.6752614,1.6866784,0.0,0.0,1.5084982
p119,0.0,4.471572,0.0,4.253076,4.2258835,4.5435486,4.0484753,3.9317589,4.353523,0.895864,0.0,0.0,0.0,4.689478,4.1891656,4.28403,4.2272224,0.0,4.3242364,4.20879,3.0637946,3.990142,0.0,1.2622919,0.0,4.270747,3.0846643,2.7250135,3.6462994,3.9640653,0.0,0.0,0.7944147
p124,0.64288247,4.5781984,0.0,4.3068414,4.5000725,4.6259193,4.1054897,4.239698,4.42036,0.6408727,0.0,0.0,0.0,4.7510743,4.2428207,4.378684,4.3613462,0.0,4.381873,4.260469,3.1353698,4.0845356,0.0,0.48377752,0.0,4.3158092,3.1217823,2.7595425,3.7990143,4.0034275,0.0,0.0,-0.46612588
p125,0.3693037,4.476386,0.0,4.2508817,4.3529444,4.566005,4.046817,4.007818,4.3571305,0.9550326,0.0,0.0,0.0,4.689936,4.165144,4.260436,4.238742,0.0,4.321382,4.206872,3.016705,4.0182,0.0,1.54179,0.0,4.2707586,3.0821166,2.724431,3.6176374,3.9639952,0.0,0.0,-0.8667539
p135,0.5830424,2.5522194,0.0,2.109033,2.8794262,2.51963,1.9999394,2.9206374,2.3473988,0.0,0.0,0.0,0.0,2.7853563,2.3830125,2.602656,2.4205477,0.0,2.1693115,2.0718722,2.1895823,2.7300305,0.0,0.0,0.0,2.525684,1.5711315,1.4267311,2.54525,2.3607094,0.0,0.0,-2.015108
p140,0.5410943,1.2732219,0.03388524,0.8033098,1.5200658,1.2308325,0.7420361,1.8442161,1.1195431,0.0,0.0,0.0,0.0,1.6033783,1.0736749,1.3400507,1.1692035,0.0,0.8434144,0.7771648,1.1970932,1.7742016,0.0,0.0,0.0,1.4708939,0.64370626,0.63847953,1.3930832,1.3962486,0.0,0.0,-1.3699576
p145,0.0,0.5812901,0.0,0.108027935,0.7008991,0.5162598,0.071285605,1.1997471,0.4424343,0.0,0.0,0.0,0.0,0.9728969,0.4939732,0.8107127,0.479285,0.0,0.14199972,0.0862025,0.9731445,1.3212113,0.0,0.0,0.0,0.90449816,0.15683383,0.21500498,1.0034178,0.8776147,0.6031122,0.0,-0.8337844
p146,0.0,0.57523644,0.0,0.11138141,0.57161295,0.49544382,0.07373631,1.1153069,0.43704975,0.0,0.0,0.0,0.0,0.9727703,0.5332481,0.84583795,0.46379876,0.0,0.14640796,0.08903813,1.0529463,1.3023236,0.0,0.0,0.20767689,0.9046032,0.16088647,0.21569258,1.0501744,0.8777726,0.7970793,0.0,-1.0239106
p147,0.0,0.23360431,0.0,0.0,0.1787914,0.16086018,0.0,0.81667703,0.13368106,0.0,0.0,0.0,0.0,0.6661486,0.070801556,0.4029699,0.13445783,0.0,0.0,0.0,0.53172356,0.9935255,0.0050685406,0.45947504,0.59083295,0.6382711,0.0,0.015317619,0.5328847,0.6353879,0.7896066,0.0,0.14218523
p149,0.31649053,0.7262268,0.0,0.23889351,0.8752761,0.65568507,0.19925058,1.3566456,0.5854647,0.0,0.0,0.0,0.0,1.0928195,0.53690356,0.8319799,0.6361903,0.0,0.27217638,0.2167275,0.839014,1.343637,0.0,0.0,0.0,1.0127122,0.24407929,0.29711848,0.96965075,0.9768844,0.16275954,0.0,0.80709815
p150,0.0,0.6398754,0.0,0.17545271,0.846303,0.5948603,0.1354661,1.288214,0.50472593,0.0,0.0,0.0,0.0,1.033148,0.5543757,0.8565589,0.53099155,0.0,0.20954621,0.15341926,0.99831414,1.4091036,0.0,0.26441526,0.0,0.95941716,0.205203,0.25533813,1.040321,0.92806464,0.4378786,0.0,0.12378216
p151,0.0,0.28781772,0.0,0.0,0.32878995,0.2270472,0.0,0.89672315,0.17730236,0.0,0.0,0.0,0.0,0.712426,0.1684559,0.4793455,0.1853888,0.0,0.0,0.0,0.65471786,1.0770823,0.0,0.37570143,0.001834631,0.6767244,0.0,0.04437822,0.64096415,0.6701869,0.7383764,0.0,-0.8296896
p152,0.0,0.30853522,0.17991531,0.0,0.39832437,0.24849832,0.0,0.97452444,0.19381368,0.0,0.0,0.0,0.0,0.7260954,0.15318888,0.4831661,0.21494877,0.0,0.0,0.0,0.6280588,1.1011515,0.0,0.42803383,0.0,0.6879402,0.0,0.05224353,0.6415341,0.6801826,0.65927076,0.0,-0.77510047
p153,0.0,0.21364057,0.0,0.0,0.22436321,0.13264108,0.0,0.8458759,0.09070778,0.0,0.0,0.0,0.0,0.63602823,0.13356715,0.462799,0.11499965,0.0,0.0,0.0,0.7181467,1.0275143,0.10932946,0.0,0.3954773,0.6042624,0.0,0.0,0.6887245,0.6031685,1.0262504,0.0,-0.72020894
p154,0.0,0.22554302,0.0,0.0,0.3145194,0.15119505,0.0,0.89285713,0.0940845,0.0,0.0,0.0,0.0,0.6423958,0.16292924,0.49613994,0.13002825,0.0,0.0,0.0,0.77961063,1.0663751,0.118243694,0.0,0.13099146,0.60747904,0.0,0.0,0.7569057,0.60569763,1.0498686,0.0,0.97118485
p155,0.0,0.42442465,0.0,0.0,0.5553651,0.34336758,0.0,1.0808952,0.28287232,0.0,0.0,0.0,0.0,0.8108278,0.29958433,0.6036626,0.33708096,0.0,0.0,0.0,0.7686915,1.1424973,0.0,0.0,0.0,0.75747615,0.025984466,0.10700452,0.8184309,0.74293727,0.63365436,0.0,-2.7604225
p156,0.0,0.3634274,0.0,0.0,0.39897764,0.28518867,0.0,0.9957182,0.24226773,0.0,0.0,0.0,0.0,0.775284,0.23468322,0.56423664,0.26594627,0.0,0.0,0.0,0.7137884,1.1200671,0.0,0.0009660721,0.22476697,0.7305636,0.0018271208,0.085344136,0.7528589,0.71897393,0.76507425,0.0,-0.95390457
p157,0.13408136,0.38684714,0.24997795,0.0,0.4572717,0.32147098,0.0,1.0154673,0.2746632,0.0,0.0,0.0,0.0,0.7940456,0.19205874,0.49612135,0.2951057,0.0,0.0,0.0,0.5600743,1.0932792,0.0,0.24687862,0.0,0.7502286,0.0123150945,0.10005444,0.621503,0.7375625,0.44071722,0.0,-2.002555
p158,0.0,0.37046778,0.10315955,0.0,0.43931818,0.3151425,0.0,1.0038271,0.26053607,0.0,0.0,0.0,0.0,0.79559535,0.25420266,0.57799906,0.26252353,0.0,0.0,0.0,0.7266834,1.1819005,0.0,0.6876435,0.0,0.75166506,0.01917994,0.099267125,0.72777534,0.73870736,0.6835079,0.0,-0.34419572
p159,0.0,0.46849835,0.0,0.0,0.553746,0.40390015,0.0,1.0677788,0.34559357,0.0,0.0,0.0,0.0,0.87194675,0.34233147,0.64464307,0.3684492,0.0,0.029411674,0.0,0.76815224,1.1947131,0.0,0.01530695,0.0,0.81749994,0.077082455,0.15029263,0.8080021,0.7986867,0.55459285,0.0,-1.3066394
p162,0.0,0.3448223,0.0,0.0,0.4401033,0.2744726,0.0,1.008186,0.21828389,0.0,0.0,0.0,0.0,0.75441355,0.23175818,0.556644,0.24858868,0.0,0.0,0.0,0.7454617,1.1378951,0.0,0.06723261,0.0,0.71032137,0.0,0.06975448,0.7474922,0.70019454,0.74865603,0.0,-0.68181086
p163,0.0,0.37928438,0.0,0.0,0.5192734,0.3097154,0.0,1.0189433,0.24811065,0.0,0.0,0.0,0.0,0.77910644,0.26506275,0.56641537,0.2864368,0.0,0.0,0.0,0.73740757,1.1266164,0.0,0.0,0.0,0.73158556,0.0037001967,0.086912096,0.77225256,0.71965355,0.65351987,0.0,1.2963648
p164,0.0,0.40331912,0.0,0.0,0.5407988,0.33644652,0.0,1.0651221,0.27400553,0.0,0.0,0.0,0.0,0.80444676,0.27706426,0.5895334,0.30912662,0.0,0.0,0.0,0.7427079,1.1634909,0.0,0.0,0.0,0.7547417,0.022815466,0.1035527,0.7865145,0.7408442,0.6307521,0.0,-1.7929517
p165,0.0,0.38412297,0.0,0.0,0.53573716,0.31147385,0.0,1.0594344,0.24622297,0.0,0.0,0.0,0.0,0.7825183,0.29048437,0.60505927,0.29111493,0.0,0.0,0.0,0.8176575,1.1693594,0.0,0.0,0.0,0.73271066,0.005868554,0.0871706,0.8201419,0.7202816,0.7224436,0.0,-0.295743
p166,0.0,0.42174935,0.0,0.0,0.620417,0.34570646,0.0,1.1673632,0.2753942,0.0,0.0,0.0,0.0,0.8110625,0.30976135,0.6434951,0.33378446,0.0,0.0,0.0,0.84294057,1.2240403,0.0,0.0,0.0,0.7560993,0.025086105,0.10416603,0.8646654,0.7412072,0.68527913,0.0,0.8706324
p167,0.0,0.44374037,0.0,0.0,0.6243056,0.37280333,0.0,1.1884136,0.29946768,0.0,0.0,0.0,0.0,0.8360217,0.34004194,0.674477,0.35001242,0.0,0.0,0.0,0.8731141,1.2598194,0.0,0.0,0.0,0.7790677,0.045697033,0.12090248,0.89177454,0.7622948,0.6959293,0.0,0.22047378
p168,0.0,0.4330318,0.0,0.0,0.63628745,0.37369883,0.0,1.0881877,0.29491043,0.0,0.0,0.0,0.0,0.82960874,0.3581404,0.650102,0.33536685,0.0,0.0,0.0,0.86606455,1.215659,0.0,0.0,0.0,0.775201,0.044356346,0.11898512,0.8615384,0.75930506,0.6201949,0.0,0.0884163
p172,0.0,0.4085176,0.0,0.0,0.49346972,0.3536185,0.0,1.0282369,0.29163742,0.0,0.0,0.0,0.0,0.8221269,0.2781685,0.5939739,0.307207,0.0,0.0,0.0,0.73691523,1.1790318,0.0,0.37749434,0.0,0.7742292,0.037772655,0.11679536,0.7456956,0.7592233,0.6009536,0.0,-0.72181064
p173,0.09990394,0.44615567,0.21353471,0.0,0.5984305,0.39064682,0.0,1.1164756,0.32291794,0.0,0.0,0.0,0.0,0.8491433,0.2882617,0.60885704,0.3521887,0.0,0.0,0.0,0.7209153,1.2095068,0.0,0.34874773,0.0,0.7968609,0.055748582,0.1337558,0.76118827,0.779653,0.48217702,0.0,-0.17811325
p175,1.3451359,0.91020167,0.6615424,0.34517002,1.3404522,0.80189526,0.308568,1.9360862,0.70402527,0.0,0.0,0.0,0.0,1.2122116,0.6770995,1.0490788,0.84887934,0.0,0.3845781,0.31913364,1.0606996,1.6141846,0.0,0.0,0.0,1.1024837,0.3207602,0.36346596,1.2701544,1.0556931,0.06628752,0.0,-2.3199384
p177,0.0,0.40399694,0.043642044,0.0,0.4093696,0.33208835,0.0,1.0334699,0.28975523,0.0,0.0,0.0,0.0,0.82041997,0.27262598,0.5933951,0.29729033,0.0,0.0,0.0,0.7188132,1.1732552,0.0,0.40224695,0.13240385,0.7731208,0.03750938,0.11622614,0.7357249,0.7582385,0.6623678,0.0,-3.9033332
p178,1.1323853,0.5720252,1.0029932,0.037299395,0.8409116,0.4686693,0.008670807,1.5822372,0.4058025,0.0,0.0,0.0,0.0,0.92859536,0.31676668,0.7362032,0.50620806,0.0,0.069079876,0.015980363,0.7749926,1.3771901,0.0,0.0,0.0,0.85655326,0.10311717,0.17768872,0.93826175,0.8318384,0.46031547,0.0,-2.5251744
p179,1.0980574,0.62222743,1.0159281,0.09166455,0.91357803,0.5246819,0.060670257,1.6221604,0.4547211,0.0,0.0,0.0,0.0,0.97720164,0.38116616,0.79394245,0.55187726,0.0,0.12440944,0.06979501,0.83450913,1.4305594,0.0,0.0,0.0,0.899996,0.14226979,0.21001244,0.9924811,0.8715963,0.41130972,0.0,-3.104282
p180,1.157538,0.5921985,1.1445923,0.0631237,0.8861246,0.4968542,0.03297174,1.5998702,0.4286908,0.0,0.0,0.0,0.0,0.9511582,0.3414771,0.75621927,0.5225698,0.0,0.09490168,0.04176545,0.79012847,1.4091454,0.0,0.091842175,0.0,0.8774902,0.12168211,0.19299608,0.9483092,0.8511353,0.4048345,0.0,-5.005683
p182,0.06610227,0.73692095,0.0,0.25429857,0.9381385,0.67042387,0.2132709,1.4111724,0.5878148,0.0,0.0,0.0,0.0,1.1090369,0.6146255,0.9329176,0.63815737,0.0,0.2898239,0.23127723,1.0261751,1.4510118,0.0,0.0,0.0,1.0246403,0.25947756,0.30449444,1.1064317,0.98718697,0.34968948,0.0,-0.4704105
p183,0.0,0.38093245,0.0,0.0,0.54379106,0.3216108,0.0,1.1032486,0.25121844,0.0,0.0,0.0,0.0,0.79118603,0.27803487,0.62178504,0.28255224,0.0,0.0,0.0,0.8181772,1.2259452,0.0,0.34584093,0.0,0.74231416,0.013291538,0.092534065,0.8301941,0.72918046,0.76335096,0.0,3.0589857
p184,0.0,0.29599988,0.0,0.0,0.2970885,0.20370233,0.0,0.9837644,0.16608417,0.0,0.0,0.0,0.0,0.70987755,0.19285685,0.552974,0.19872892,0.0,0.0,0.0,0.7699932,1.1169724,0.039317966,0.0,0.6079253,0.66895026,0.0,0.03846532,0.7672957,0.6619097,1.0018153,0.0,-0.38322273
p186,0.0,0.45242476,0.0,0.0,0.5430392,0.35840726,0.0,1.179091,0.3043915,0.0,0.0,0.0,0.0,0.83923596,0.3300168,0.68195486,0.36358976,0.0,0.0,0.0,0.85842776,1.2262752,0.0,0.0,0.16492462,0.7809201,0.046550572,0.122960985,0.9090657,0.7637703,0.7861886,0.0,1.3096055
p187,0.67636645,0.84398186,0.18260074,0.32354462,1.057421,0.74504197,0.2835939,1.6955874,0.66754305,0.0,0.0,0.0,0.0,1.1834753,0.6496447,1.0296683,0.76341915,0.0,0.3608383,0.2992288,1.0625844,1.550008,0.0,0.0,0.0,1.0846395,0.30743033,0.34904033,1.2187302,1.0406425,0.3230133,0.0,1.0734518
p188,0.0,0.35652077,0.0,0.0,0.28510487,0.26658905,0.0,0.9652927,0.2398125,0.0,0.0,0.0,0.0,0.77213484,0.20852035,0.55474824,0.25862694,0.0,0.0,0.0,0.6873207,1.0953999,0.0,0.0,0.7231513,0.7292492,0.0,0.08386141,0.71294594,0.71791345,0.8178823,0.0,1.0932341
p189,2.336165,0.29464924,3.0388317,0.0,1.0876498,0.280329,0.0,1.5932539,0.14515793,0.0,0.0,0.0,0.0,0.6748416,0.06287211,0.38177437,0.21759784,0.0,0.0,0.0,0.47923794,1.3754089,0.0,2.0260081,0.0,0.62981844,0.0,0.0058956146,0.5741937,0.624857,0.0,0.0,-0.96651715
p190,0.0,0.40546083,0.0,0.0,0.4690367,0.31933105,0.0,1.0829835,0.26912785,0.0,0.0,0.0,0.0,0.80576783,0.29582208,0.6389067,0.31026208,0.0,0.0,0.0,0.82296854,1.1841005,0.0,0.0,0.22978139,0.75397867,0.023863256,0.102687955,0.8538846,0.7396615,0.82770586,0.0,1.349984
p191,0.0,0.046161175,0.0,0.0,0.0,0.0,0.0,0.47129935,0.0,0.0,0.00020855665,0.048356354,0.0,0.5112425,0.0,0.22906792,0.0,0.0,0.0,0.0,0.4069751,0.78531545,0.17792821,0.46182823,1.0385212,0.5054263,0.0,0.0,0.36351955,0.5150588,1.0268898,0.007209003,-1.510947
p192,2.668562,0.49491727,3.1288795,0.0,1.3341734,0.47337484,0.0,1.8445346,0.3271091,0.0,0.0,0.0,0.0,0.8480479,0.23156136,0.568998,0.42499232,0.0,0.0,0.0,0.6054365,1.5307524,0.0,1.7495356,0.0,0.7815625,0.034178317,0.119186044,0.75592494,0.7630103,0.0,0.0,-3.7545614
p193,5.2787094,0.9345783,5.765233,0.3006158,2.724366,0.98758996,0.26918793,2.8645062,0.69920313,0.0,0.0,0.0,0.0,1.1958573,0.60872513,0.8700181,0.887089,0.0,0.33593225,0.27428198,0.8010852,2.1227908,0.0,2.7145817,0.0,1.0757337,0.28667682,0.33756799,1.0802977,1.029474,0.0,0.0,-0.39567578
p194,0.3386488,0.6427407,0.0056931973,0.13618207,0.8529885,0.55755115,0.10161674,1.4234769,0.48277938,0.0,0.0,0.0,0.0,1.0074546,0.49561578,0.8418484,0.5565547,0.0,0.1710906,0.11347079,0.95136565,1.3857152,0.0,0.0,0.0,0.9297803,0.17536575,0.23403531,1.0507767,0.89965314,0.48153496,0.0,-0.9513375
p197,1.243142,0.010350108,1.6545715,0.0,0.11214638,0.0,0.0,0.8387512,0.0,0.0,0.09175414,0.15633231,0.0,0.4269231,0.0,0.0,0.0,0.0,0.0,0.0,0.0,0.6983907,0.12944603,0.6699147,0.31611037,0.42551607,0.0,0.0,0.021392755,0.4408589,0.3643062,0.1254363,-2.9024925
p198,0.9745867,0.0,1.3577559,0.0,0.042859316,0.0,0.0,0.68221426,0.0,0.0,0.15866095,0.20979112,0.0,0.37407464,0.0,0.0,0.0,0.0,0.0,0.0,0.0,0.6100414,0.17113316,0.5853658,0.17146254,0.38045937,0.0,0.0,0.0,0.40023625,0.3714981,0.1655162,-2.931458
p199,0.0,0.13714743,0.044540644,0.0,0.11673558,0.08760905,0.0,0.54672015,0.07310474,0.0,0.0,0.0,0.0,0.57683486,0.0,0.110556126,0.051009655,0.0,0.0,0.0,0.06588927,0.6966264,0.0,0.49083853,0.01677823,0.5686213,0.0,0.0,0.15256022,0.5739052,0.30320144,0.0,-2.821448
p200,0.096086204,0.52897334,0.07050824,0.08050847,0.54525185,0.47931898,0.04306531,0.92589575,0.44434905,0.0,0.0,0.0,0.0,0.934346,0.2546944,0.49332142,0.4383793,0.0,0.104833245,0.063185096,0.36584032,1.009507,0.0,0.23531818,0.0,0.88596493,0.12424904,0.2033906,0.5027634,0.8637467,0.0,0.0,-3.0441477
p201,0.6610317,0.63708127,1.1188306,0.188586,0.63745964,0.5695802,0.1468277,1.2098541,0.55285084,0.0,0.0,0.0,0.0,1.0400248,0.28717548,0.60224533,0.54573405,0.0,0.21135366,0.17180395,0.36545444,1.1784256,0.0,1.0812206,0.0,0.9811792,0.20078021,0.27117664,0.5485914,0.9504017,0.0,0.0,-3.6884198
p203,0.8523736,0.10909569,1.1717517,0.0,0.24981213,0.035618186,0.0,0.90161365,0.007919669,0.0,0.0,0.059785306,0.0,0.524756,0.0,0.14084196,0.0475595,0.0,0.0,0.0,0.12980667,0.8599352,0.07657051,0.6721549,0.07347965,0.5103642,0.0,0.0,0.23989674,0.518018,0.46312428,0.04062015,-2.8615344
p205,2.712642,0.78029263,2.618902,0.20428932,1.4447851,0.71128154,0.17277896,2.121763,0.5905607,0.0,0.0,0.0,0.0,1.096803,0.38793594,0.8476045,0.7403252,0.0,0.23608351,0.18211114,0.74637043,1.6527038,0.0,0.7329612,0.0,1.0020132,0.21794468,0.28312045,1.0130789,0.96373075,0.0,0.0,-3.5400786
p208,0.23376477,0.0,0.7278286,0.0,0.0,0.0,0.0,0.29527766,0.0,0.0,0.39065832,0.40576726,0.21467072,0.16964877,0.0,0.0,0.0,0.049214065,0.0,0.0,0.0,0.45392692,0.42053056,1.1590095,0.095609665,0.2028848,0.0,0.0,0.0,0.2389307,0.6397481,0.3339767,-0.47619376
p210,0.0,0.0,0.42428243,0.0,0.0,0.0,0.0,0.11820182,0.0,0.0,0.47467148,0.48691365,0.3266452,0.08291328,0.0,0.0,0.0,0.116519034,0.0,0.0,0.0,0.37177002,0.5398023,1.1410985,0.387653,0.12700042,0.0,0.0,0.0,0.16975424,0.86576915,0.40745157,-1.1614609
p211,0.0,0.0,0.5350491,0.0,0.0,0.0,0.0,0.07014485,0.0,0.0,0.50446814,0.49692965,0.33262676,0.061918437,0.0,0.0,0.0,0.12744167,0.0,0.0,0.0,0.24174434,0.5030463,0.99085903,0.87815726,0.11178613,0.0,0.0,0.0,0.1564815,0.714911,0.41613552,2.0443122
p212,0.0,0.0,0.3936298,0.0,0.0,0.0,0.0,0.0,0.0,0.1312164,0.6467146,0.59958875,0.43173504,0.0,0.0,0.0,0.0,0.20201883,0.0,0.0,0.0,0.0,0.5306902,0.6784873,1.0930647,0.018481255,0.0,0.0,0.0,0.072601646,0.5293598,0.4984815,2.5077984
p213,0.0,0.0,0.37349796,0.0,0.0,0.0,0.0,0.0,0.0,0.20574462,0.7550224,0.6963223,0.54193866,0.0,0.0,0.0,0.0,0.27951905,0.0,0.0,0.0,0.0,0.62447035,0.65187883,1.4712852,0.0,0.0,0.0,0.0,0.0,0.576036,0.58835465,2.0812254
p214,0.0,0.0,0.14883566,0.0,0.0,0.0,0.0,0.084868036,0.0,0.0,0.439476,0.44386208,0.29063666,0.112487435,0.0,0.0,0.0,0.09034845,0.0,0.0,0.0,0.28625363,0.48889542,0.6382642,1.2639188,0.1553759,0.0,0.0,0.0,0.19606826,0.87044024,0.37109447,3.1430295
p215,0.0,0.0,0.0,0.0,0.0,0.0,0.0,0.04641134,0.0,0.0,0.4289742,0.4374388,0.30392927,0.11342931,0.0,0.0,0.0,0.091251194,0.0,0.0,0.0,0.30827987,0.52768743,0.55819273,1.5532718,0.15567464,0.0,0.0,0.0,0.1962733,1.0365555,0.36856228,3.1403995
p216,0.0,0.0,0.12428546,0.0,0.0,0.0,0.0,0.0,0.0,0.0,0.5115567,0.489308,0.3429501,0.053635478,0.0,0.0,0.0,0.12879422,0.0,0.0,0.0,0.114096224,0.49545252,0.4865284,1.7308613,0.10765034,0.0,0.0,0.0,0.15338719,0.77412724,0.40848473,1.1039535
p217,0.8244617,0.0,0.8952048,0.0,0.0,0.0,0.0,0.0,0.0,0.9299958,1.021827,0.8996308,0.6666863,0.0,0.0,0.0,0.0,0.40607077,0.0,0.0,0.0,0.0,0.57798696,0.29326963,0.3200258,0.0,0.0,0.0,0.0,0.0,0.0,0.7500136,1.3519329
p219,0.73380315,0.0,1.078746,0.0,0.0,0.0,0.0,0.0,0.0,0.64044213,0.74183345,0.65242946,0.4125828,0.0,0.0,0.0,0.0,0.21729529,0.0,0.0,0.0,0.0,0.3898672,0.7966156,0.0,0.0,0.0,0.0,0.0,0.04759741,0.0,0.5227717,-2.4943342
p220,0.485754,0.0,1.2663364,0.0,0.0,0.0,0.0,0.21503231,0.0,0.0,0.5108696,0.51131606,0.31511402,0.06775582,0.0,0.0,0.0,0.1255236,0.0,0.0,0.0,0.3417037,0.4854586,1.467423,0.0,0.11430362,0.0,0.0,0.0,0.15829772,0.5407183,0.42374346,-1.29743
p221,0.7967768,0.0,1.0149258,0.0,0.0,0.0,0.0,0.0,0.0,0.7112572,0.8501574,0.7535378,0.513247,0.0,0.0,0.0,0.0,0.29232493,0.0,0.0,0.0,0.0,0.47489917,0.72539616,0.0,0.0,0.0,0.0,0.0,0.0,0.0,0.6159136,-2.6099217
p222,0.031853914,0.0,0.73279226,0.0,0.0,0.0,0.0,0.4217698,0.0,0.0,0.3363377,0.38627934,0.1947344,0.20831454,0.0,0.0,0.0,0.02790165,0.0,0.0,0.07082805,0.64672184,0.4639417,1.3727942,0.0,0.23156399,0.0,0.0,0.022653963,0.26401955,0.8536732,0.31652492,-2.163835
p223,1.0923697,0.0,1.3959394,0.0,0.0,0.0,0.0,0.0,0.0,0.83391404,0.8340822,0.73141015,0.47267658,0.0,0.0,0.0,0.0,0.27378297,0.0,0.0,0.0,0.0,0.40016317,0.74524355,0.0,0.0,0.0,0.0,0.0,0.0,0.0,0.59449756,-4.348722
p224,0.40056765,0.0,0.94861734,0.0,0.0,0.0,0.0,0.014439717,0.0,0.142223,0.5784689,0.5411154,0.33298397,0.028319806,0.0,0.0,0.0,0.14347592,0.0,0.0,0.0,0.13253993,0.42629826,1.1838474,0.0,0.08590308,0.0,0.0,0.0,0.1337845,0.28366017,0.437938,-3.177565
p225,0.52627194,0.0,0.67995,0.0,0.0,0.0,0.0,0.0,0.0,0.8633194,0.5498612,0.4380145,0.17827833,0.1086275,0.0,0.0,0.0,0.05417347,0.0,0.0,0.0,0.0,0.09551287,0.3467083,0.24338174,0.17132515,0.0,0.0,0.0,0.21486682,0.0,0.31624174,-4.0039263
p226,0.42283535,0.0,0.740206,0.0,0.0,0.0,0.0,0.0,0.0,0.6098869,0.44189847,0.35776043,0.111546636,0.19167095,0.0,0.0,0.0,0.0,0.0,0.0,0.0,0.0,0.08648193,0.612659,0.23987436,0.24122071,0.0,0.0,0.0,0.27774924,0.0,0.25149435,-1.7159866
p227,0.436733,0.0,0.5121728,0.0,0.0,0.0,0.0,0.2882082,0.0,0.12594175,0.2613694,0.23637784,0.0,0.33394468,0.0,0.0,0.0,0.0,0.0,0.0,0.0,0.35732484,0.07105875,0.70580006,0.0,0.3572058,0.0,0.0,0.0,0.38172936,0.0,0.15622967,-2.2136426
p228,0.015113175,0.0,0.6055162,0.0,0.0,0.0,0.0,0.47413158,0.0,0.0,0.25281042,0.3065837,0.1129874,0.28093147,0.0,0.0,0.0,0.0,0.0,0.0,0.09809753,0.66965115,0.37986553,1.0636716,0.0,0.2963847,0.0,0.0,0.07868926,0.3232695,0.8192456,0.24830371,-0.6129957
p229,0.0,0.0,0.0,0.0,0.0,0.0,0.0,0.10793218,0.0,0.03971994,0.35250175,0.3326686,0.101305604,0.23732406,0.0,0.0,0.0,0.0,0.0,0.0,0.0,0.25236964,0.2101723,0.34676838,0.0,0.27062905,0.0,0.0,0.0,0.30260277,0.2314992,0.24637246,-1.2149762
p230,0.55603015,0.0,1.028697,0.0,0.0,0.0,0.0,0.0,0.0,0.2750808,0.589036,0.5396116,0.32553452,0.021741897,0.0,0.0,0.0,0.14447439,0.0,0.0,0.0,0.02718985,0.38500118,0.90677834,0.30829954,0.0823797,0.0,0.0,0.0,0.13105702,0.15302205,0.43681914,-0.76441556
p231,0.3921348,0.0,0.5660461,0.0,0.0,0.0,0.0,0.0,0.0,0.5287254,0.4276657,0.35140127,0.11667776,0.1927678,0.0,0.0,0.0,0.00067669153,0.0,0.0,0.0,0.0,0.11018562,0.45979452,0.6687684,0.24115604,0.0,0.0,0.0,0.27746117,0.0,0.25322592,-0.88806826
p232,0.0,0.0,0.21497118,0.0,0.0,0.0,0.0,0.17009616,0.0,0.0,0.40038645,0.41638303,0.21068203,0.16411978,0.0,0.0,0.0,0.04930234,0.0,0.0,0.0,0.36258137,0.3977983,0.6146755,0.0,0.19873619,0.0,0.0,0.0,0.23547083,0.59529734,0.33814222,-2.6112983
p233,0.80488086,0.0,1.358437,0.0,0.0,0.0,0.0,0.09234396,0.0,0.23111427,0.5658171,0.5246328,0.29120886,0.050539017,0.0,0.0,0.0,0.12482804,0.0,0.0,0.0,0.13851976,0.36482728,1.2931032,0.0,0.105710715,0.0,0.0,0.0,0.15194577,0.08309603,0.41915914,-2.3933997
p234,0.730899,0.0,1.301203,0.0,0.0,0.0,0.0,0.2176004,0.0,0.06055057,0.46470392,0.44192064,0.22078288,0.12925053,0.0,0.0,0.0,0.069621086,0.0,0.0,0.0,0.27037793,0.3319199,1.2773433,0.0,0.17334384,0.0,0.0,0.0,0.21316049,0.21545744,0.35304928,-2.2092469
p235,0.30697036,0.0,0.79115963,0.0,0.0,0.0,0.0,0.450649,0.0,0.0,0.23858011,0.25919205,0.05270481,0.31319284,0.0,0.0,0.0,0.0,0.0,0.0,0.0,0.5672019,0.2516575,1.0847173,0.11964917,0.33107585,0.0,0.0,0.0,0.3560586,0.5114744,0.19888234,-2.0957968
p237,0.30218762,0.0,0.8530166,0.0,0.0,0.0,0.0,0.1691216,0.0,0.0,0.4389441,0.41753155,0.20764726,0.15463239,0.0,0.0,0.0,0.04911697,0.0,0.0,0.0,0.3081969,0.33932137,1.1617327,0.0,0.19581318,0.0,0.0,0.0,0.23378319,0.35137773,0.32511252,-0.72090316
p238,0.59861445,0.0,1.0805727,0.0,0.0,0.0,0.0,0.0,0.0,0.36043406,0.68513614,0.6231657,0.40155184,0.0,0.0,0.0,0.0,0.19950989,0.0,0.0,0.0,0.0,0.4483484,1.1169729,0.0,0.016068608,0.0,0.0,0.0,0.07076332,0.09877014,0.50418997,-2.8091824
p239,1.3407781,0.14751995,1.4552319,0.0,0.4335314,0.056761146,0.0,1.1290605,0.015368581,0.0,0.0,0.069345,0.0,0.53602946,0.0,0.20756936,0.10285306,0.0,0.0,0.0,0.22155754,0.95485014,0.09853101,0.37525415,0.0,0.5122434,0.0,0.0,0.35770163,0.5181448,0.4723475,0.06803197,-3.0666986
p240,1.7078485,0.41313636,1.637692,0.0,0.91609573,0.3371166,0.0,1.5121031,0.25102282,0.0,0.0,0.0,0.0,0.76842743,0.08950633,0.49354136,0.37193823,0.0,0.0,0.0,0.51177037,1.2406895,0.0,0.2777152,0.0,0.71381253,0.0,0.0702731,0.67129254,0.70141995,0.1928165,0.0,-3.296577
p241,0.40725994,0.0,0.4945743,0.0,0.0,0.0,0.0,0.0,0.0,0.6481824,0.8221668,0.73068833,0.51247054,0.0,0.0,0.0,0.0,0.28540137,0.0,0.0,0.0,0.0,0.4820541,0.15442371,0.652768,0.0,0.0,0.0,0.0,0.0,0.0,0.60370433,1.4612378
p242,0.14213383,0.0,0.392604,0.0,0.0,0.0,0.0,0.0,0.0,0.29482162,0.72705233,0.6696266,0.48216248,0.0,0.0,0.0,0.0,0.24911872,0.0,0.0,0.0,0.0,0.5365305,0.4208994,0.8521813,0.0,0.0,0.0,0.0,0.020087153,0.33479214,0.5604905,1.33762
p243,0.0,0.0,0.1482315,0.0,0.0,0.0,0.0,0.0,0.0,0.0,0.6417364,0.612065,0.44803238,0.0,0.0,0.0,0.0,0.21169516,0.0,0.0,0.0,0.016168594,0.57365334,0.61230373,0.8921479,0.009634554,0.0,0.0,0.0,0.06401774,0.63798714,0.51600873,1.1828976
p244,0.046076953,0.0,0.43033075,0.0,0.0,0.0,0.0,0.10623908,0.0,0.0,0.5009755,0.51168174,0.33919096,0.057793885,0.0,0.0,0.0,0.13451901,0.0,0.0,0.0,0.29343182,0.5358263,0.82329416,0.47655404,0.1043756,0.0,0.0,0.0,0.14914155,0.7557323,0.43473697,-1.0874264
p245,0.0,0.0,0.0,0.0,0.0,0.0,0.0,0.0,0.0,0.0,0.58865684,0.5609536,0.40799177,0.0,0.0,0.0,0.0,0.17393497,0.0,0.0,0.0,0.05919993,0.5463809,0.53344584,1.0368451,0.05285737,0.0,0.0,0.0,0.103621155,0.7467325,0.46592072,-3.4625473
p246,0.0,0.0,0.0,0.0,0.0,0.0,0.0,0.0,0.0,0.0,0.6589471,0.6299063,0.49303567,0.0,0.0,0.0,0.0,0.23249367,0.0,0.0,0.0,0.01929003,0.6377567,0.7325053,1.217372,0.0,0.0,0.0,0.0,0.04435295,0.83781314,0.5342666,1.1169635
p247,0.0,0.0,0.0,0.0,0.0,0.0,0.0,0.09872435,0.0,0.0,0.3798852,0.3932696,0.22010016,0.17738831,0.0,0.0,0.0,0.03902912,0.0,0.0,0.0,0.39685738,0.42528963,0.6698117,0.22879028,0.21193969,0.0,0.0,0.0,0.24773681,0.80146646,0.31511235,-0.56620175
p248,0.0,0.0,0.0,0.0,0.0,0.0,0.0,0.07184295,0.0,0.0,0.37954533,0.39078438,0.22533786,0.17514044,0.0,0.0,0.0,0.04021555,0.0,0.0,0.0,0.36957997,0.4311347,0.55428696,0.52841234,0.2105096,0.0,0.0,0.0,0.24652308,0.8492222,0.31400865,0.20880075
p249,0.0,0.0,0.0,0.0,0.0,0.0,0.0,0.101261765,0.0,0.0,0.33955103,0.34518868,0.1601609,0.22129482,0.0,0.0,0.0,0.0014970303,0.0,0.0,0.0,0.36821693,0.34181178,0.44009447,0.345917,0.25263184,0.0,0.0,0.0,0.28529197,0.6669383,0.26892394,0.23040116
p250,0.0,0.0,0.0,0.0,0.0,0.0,0.0,0.2067779,0.0,0.0,0.14428681,0.13403857,0.0,0.4220562,0.0,0.0,0.0,0.0,0.0,0.0,0.0,0.4410231,0.055120945,0.28667212,0.3695321,0.43615538,0.0,0.0,0.0,0.45385748,0.35557652,0.064538,-1.2521245
a1,0.0,0.1467799,0.0,0.0,0.12281489,0.0734036,0.0,0.6765933,0.036059737,0.0,0.0,0.0010509491,0.0,0.58248144,0.0913201,0.39452487,0.042458177,0.0,0.0,0.0,0.6677364,0.9419367,0.15801537,0.0,0.46886146,0.5594573,0.0,0.0,0.60974514,0.5628498,1.0736322,0.0,-0.23869851
a2,0.0,0.0,0.08452046,0.0,0.0,0.0,0.0,0.0,0.0,0.002178073,0.62496364,0.58880675,0.4461689,0.0,0.0,0.0,0.0,0.20482683,0.0,0.0,0.0,0.0,0.5719414,0.34787226,1.9261173,0.017909676,0.0,0.0,0.0,0.07182765,0.74434805,0.49949637,-0.18041264
a3,0.0,0.0,0.1250515,0.0,0.0,0.0,0.0,0.0,0.0,0.0,0.49796477,0.46936566,0.31707186,0.07551396,0.0,0.0,0.0,0.10954681,0.0,0.0,0.0,0.135629,0.46029973,0.63370275,1.4973575,0.12822127,0.0,0.0,0.0,0.17243445,0.7090316,0.38383776,-0.22788669
a4,0.16299152,0.0,0.42462087,0.0,0.0,0.0,0.0,0.5496525,0.0,0.0,0.13707393,0.19209659,0.008699775,0.37212408,0.0,0.0,0.0,0.0,0.0,0.0,0.002492994,0.6250285,0.27048206,0.2687068,1.2214434,0.37837243,0.0,0.0,0.082314596,0.39828438,0.80986214,0.15963817,1.6694077
a5,0.034609973,0.33769798,0.0,0.0,0.41215098,0.2570101,0.0,0.9749386,0.20731854,0.0,0.0,0.0,0.0,0.7335697,0.18810254,0.48152292,0.2518884,0.0,0.0,0.0,0.62660277,1.0521622,0.0,0.0,0.0,0.69066876,0.0,0.05673766,0.6624825,0.6822522,0.60723543,0.0,-3.2652001
a6,0.2535383,0.0,0.79326034,0.0,0.0,0.0,0.0,0.0,0.0,0.04554856,0.6376525,0.6070524,0.42141682,0.0,0.0,0.0,0.0,0.2009418,0.0,0.0,0.0,0.0877651,0.53737056,1.1185694,0.3235755,0.022464365,0.0,0.0,0.0,0.07553384,0.47782588,0.5069803,2.414652
a7,0.8756051,1.1756746,1.2686131,0.81416047,0.99349904,1.2001683,0.74318886,1.2135391,1.1700368,0.9863672,0.0,0.0,0.0,1.5844896,0.58119315,0.7852466,1.0723517,0.0,0.8309318,0.79945195,0.059380442,1.2475269,0.0,2.1425734,0.0,1.4971943,0.6279804,0.6564104,0.38437486,1.4277434,0.0,0.0,-3.493495
a8,1.2335662,1.1811858,1.8377619,0.8087164,1.0211372,1.1957601,0.7390866,1.275785,1.1784592,1.0667472,0.0,0.0,0.0,1.5831554,0.49732023,0.7322171,1.0906978,0.0,0.8236157,0.79494894,0.0,1.2240459,0.0,2.2026842,0.0,1.4967227,0.62097377,0.6558476,0.29841343,1.4273345,0.0,0.0,-3.8827288
a11,0.40247357,0.0,1.0296298,0.0,0.0,0.0,0.0,0.30702794,0.0,0.0,0.43349296,0.4495256,0.26759905,0.1216622,0.0,0.0,0.0,0.08890647,0.0,0.0,0.0,0.4168206,0.46732008,1.3284707,0.33645892,0.16044366,0.0,0.0,0.0,0.1999439,0.67150354,0.38073456,2.58603
a12,0.0,0.0,0.14343715,0.0,0.0,0.0,0.0,0.0,0.0,0.19920206,0.7100378,0.65283275,0.48981678,0.0,0.0,0.0,0.0,0.23959386,0.0,0.0,0.0,0.0,0.5737822,0.59893465,1.0664545,0.0,0.0,0.0,0.0,0.031255662,0.5455849,0.5412298,3.7001877
a13,0.0,0.0,0.46296585,0.0,0.0,0.0,0.0,0.17148972,0.0,0.0,0.41395962,0.42156893,0.25422758,0.13941264,0.0,0.0,0.0,0.070632964,0.0,0.0,0.0,0.34888715,0.4470923,0.89907026,0.8391067,0.1787228,0.0,0.0,0.0,0.21725896,0.7486131,0.35102105,0.8589518
a14,0.0,0.0,0.23716414,0.0,0.0,0.0,0.0,0.19432947,0.0,0.0,0.41747874,0.4422319,0.2824028,0.124394596,0.0,0.0,0.0,0.08695638,0.0,0.0,0.0,0.39493698,0.51159763,0.8451061,0.7857461,0.16226602,0.0,0.0,0.0,0.20161372,0.9184501,0.37606412,0.25372246
a15,0.0,0.0,0.33654618,0.0,0.0,0.0,0.0,0.23791496,0.0,0.0,0.4104436,0.44244057,0.28292,0.12700278,0.0,0.0,0.0,0.0873158,0.0,0.0,0.0,0.43453646,0.5313798,0.8066788,0.75703514,0.162565,0.0,0.0,0.0,0.20159265,0.9507263,0.3791753,0.2749684
a16,0.124845624,0.0,0.6971353,0.0,0.0,0.0,0.0,0.0,0.0,0.113300204,0.5691439,0.5273385,0.35012907,0.023943156,0.0,0.0,0.0,0.14688343,0.0,0.0,0.0,0.070081234,0.45130634,0.91172457,0.96676385,0.0836277,0.0,0.0,0.0,0.1319305,0.4549172,0.43175372,-0.36664873
a17,0.0,0.09946871,0.0,0.0,0.20083559,0.044384837,0.0,0.72437227,0.0,0.0,0.0,0.057519972,0.0,0.5312571,0.0,0.26105368,0.013063431,0.0,0.0,0.0,0.45004404,0.891695,0.14917934,0.2869959,0.0,0.5152167,0.0,0.0,0.44272798,0.522583,0.8180568,0.029179156,0.2692142
a18,0.09526688,0.0,0.35822093,0.0,0.0,0.0,0.0,0.0,0.0,0.33618045,0.76918304,0.7017755,0.5269777,0.0,0.0,0.0,0.0,0.27827927,0.0,0.0,0.0,0.0,0.57505405,0.33933687,1.3859849,0.0,0.0,0.0,0.0,0.0,0.3895831,0.5903392,2.06324
a19,0.27456075,0.0,0.72204626,0.0,0.0,0.0,0.0,0.0,0.0,0.43903327,0.7767401,0.6982963,0.5087299,0.0,0.0,0.0,0.0,0.2684633,0.0,0.0,0.0,0.0,0.53653395,0.6426921,0.89287066,0.0,0.0,0.0,0.0,0.0,0.244071,0.5773092,0.8101791
a20,0.0,0.0,0.052357912,0.0,0.0,0.0,0.0,0.14044878,0.0,0.0,0.38517565,0.39675468,0.2307415,0.16510266,0.0,0.0,0.0,0.04998249,0.0,0.0,0.0,0.3575977,0.43841684,0.53475857,0.89360046,0.2007088,0.0,0.0,0.0,0.23737484,0.8120403,0.32703775,-1.6035565
a21,0.0,0.0,0.104397416,0.0,0.0,0.0,0.0,0.032964878,0.0,0.0,0.48574778,0.4896974,0.3532129,0.06375933,0.0,0.0,0.0,0.12922746,0.0,0.0,0.0,0.26527667,0.5623331,0.7752471,1.4059606,0.11206731,0.0,0.0,0.0,0.15646997,0.98654175,0.41536453,1.7064815
a22,0.08322489,0.0,0.46281743,0.0,0.0,0.0,0.0,0.43191415,0.0,0.0,0.25087708,0.29244483,0.1196233,0.27117783,0.0,0.0,0.0,0.0,0.0,0.0,0.0,0.535897,0.36822045,0.55605984,1.1233305,0.29031503,0.0,0.0,0.0,0.31812805,0.8434887,0.2479338,1.5964592
a23,0.0,0.0,0.20452642,0.0,0.0,0.0,0.0,0.0,0.0,0.21029174,0.6367843,0.5777974,0.41038805,0.0,0.0,0.0,0.0,0.18341976,0.0,0.0,0.0,0.0,0.49238038,0.7102313,1.0777464,0.03742346,0.0,0.0,0.0,0.090438485,0.48127532,0.47090986,0.85639197
a24,0.0,0.0,0.26825762,0.0,0.0,0.0,0.0,0.0,0.0,0.31570244,0.5257925,0.46113825,0.2655943,0.08743608,0.0,0.0,0.0,0.08731657,0.0,0.0,0.0,0.011339486,0.31962955,0.62101936,0.7868799,0.14460677,0.0,0.0,0.0,0.18873376,0.23821115,0.3553385,1.303731
a25,0.0,0.0,0.04617262,0.0,0.0,0.0,0.0,0.0,0.0,0.0859195,0.69045085,0.64442796,0.49532795,0.0,0.0,0.0,0.0,0.24045339,0.0,0.0,0.0,0.0,0.604357,0.40460396,1.5170258,0.0,0.0,0.0,0.0,0.032399535,0.6847937,0.54248977,2.9402473
a26,0.0,0.0,0.0053579807,0.0,0.0,0.0,0.0,0.13005134,0.0,0.0,0.3794474,0.3867213,0.22074282,0.17447501,0.0,0.0,0.0,0.041517854,0.0,0.0,0.0,0.36323398,0.42247105,0.66389465,0.8260573,0.21011537,0.0,0.0,0.0,0.24612874,0.7971134,0.3143522,1.9888103
a27,0.4332037,0.42646503,0.48033166,0.0,0.5748664,0.3466071,0.0,1.166573,0.30055976,0.0,0.0,0.0,0.0,0.81844753,0.18274564,0.537869,0.34995532,0.0,0.0,0.0,0.56397843,1.138475,0.0,0.2395153,0.0,0.76939434,0.02451402,0.11308539,0.65504396,0.7542923,0.40487647,0.0,2.5562677
a28,0.3145579,0.12406039,0.66566455,0.0,0.0013740063,0.050307035,0.0,0.6712976,0.05746627,0.0,0.0,0.0,0.0,0.5610361,0.0,0.08835599,0.045444727,0.0,0.0,0.0,0.0,0.7276037,0.0,0.6919565,0.89538825,0.5533307,0.0,0.0,0.106764786,0.5593505,0.4046495,0.0,-0.9254139
a29,0.2497853,0.12286329,0.61462903,0.0,0.015521646,0.0539397,0.0,0.6696472,0.055604696,0.0,0.0,0.0,0.0,0.5617762,0.0,0.10252595,0.04124868,0.0,0.0,0.0,0.02394566,0.74495465,0.0,0.7478814,0.7965429,0.5537306,0.0,0.0,0.12789853,0.55968094,0.42883968,0.0,0.6075141
a30,0.0,0.0,0.0,0.0,0.0,0.0,0.0,0.28936714,0.0,0.0,0.30270594,0.34174395,0.18975163,0.22215939,0.0,0.0,0.0,0.014149666,0.0,0.0,0.0050468147,0.51746374,0.45408154,0.67331266,1.0405599,0.24739283,0.0,0.0,0.0,0.2790892,1.03024,0.28755277,1.332463
a31,0.0,0.0,0.0,0.0,0.0,0.0,0.0,0.31660908,0.0,0.0,0.1547584,0.17732525,0.0,0.37720287,0.0,0.0,0.0,0.0,0.0,0.0,0.0,0.5059624,0.199777,0.29562426,1.1530864,0.39016408,0.0,0.0,0.0,0.41046947,0.6937916,0.12791449,1.128427
a32,0.0,0.0,0.0,0.0,0.0,0.0,0.0,0.0,0.0,0.0,0.5577496,0.5452627,0.40499502,0.009720147,0.0,0.0,0.0,0.16487,0.0,0.0,0.0,0.15877944,0.58915615,0.6491456,1.1721531,0.06640148,0.0,0.0,0.0,0.11541054,0.92930555,0.45598078,2.5101821
a33,0.0,0.0,0.46700394,0.0,0.0,0.0,0.0,0.28334978,0.0,0.0,0.31915545,0.3360353,0.16177118,0.2271195,0.0,0.0,0.0,0.004485786,0.0,0.0,0.0,0.45947406,0.37030482,0.8926177,0.7309511,0.2555036,0.0,0.0,0.0,0.28717172,0.738626,0.27232713,0.17327748
a34,0.0,0.0,0.0,0.0,0.0,0.0,0.0,0.26397657,0.0,0.0,0.2891686,0.31880867,0.15892327,0.24413621,0.0,0.0,0.0,0.0,0.0,0.0,0.0,0.5005062,0.40123153,0.65644264,0.9005698,0.2688427,0.0,0.0,0.0,0.29906034,0.9292934,0.26074344,1.9365841
a35,0.0,0.0,0.0,0.0,0.0,0.0,0.0,0.19323894,0.0,0.0,0.20768213,0.18949074,0.0,0.3613311,0.0,0.0,0.0,0.0,0.0,0.0,0.0,0.4066841,0.13793647,0.5099206,0.7556442,0.38233232,0.0,0.0,0.0,0.40466946,0.44400334,0.11771071,-0.42704713
a36,0.0,0.10074198,0.0,0.0,0.0,0.058620572,0.0,0.30742097,0.0705663,0.06262374,0.0127030015,0.0,0.0,0.5624413,0.0,0.0022904277,0.008718491,0.0,0.0,0.0,0.0,0.53978884,0.0,0.7414665,0.6936909,0.56631625,0.0,0.0,0.0,0.57362103,0.21497989,0.0,-2.8790972
a37,0.0,0.120419145,0.0,0.0,0.002647996,0.08053577,0.0,0.41990173,0.072917104,0.0,0.0,0.0,0.0,0.58328074,0.0,0.13764095,0.021416306,0.0,0.0,0.0,0.12711707,0.6969742,0.0,0.8876724,0.49032187,0.5792787,0.0,0.0,0.14368705,0.584354,0.4459846,0.0,-0.2802595
a38,0.0,0.14842904,0.089493155,0.0,0.10606444,0.11077654,0.0,0.5872004,0.083830595,0.0,0.0,0.0,0.0,0.60257715,0.0,0.21018809,0.0495317,0.0,0.0,0.0,0.25185105,0.82690096,0.0,0.99947834,0.2272892,0.59114367,0.0,0.0,0.25722048,0.5941831,0.50398254,0.0,1.9856474
a39,0.49358988,1.4266042,0.757185,1.0924443,1.0152304,1.4309763,1.0101418,1.2052298,1.4383702,1.280483,0.0,0.0,0.0,1.8241215,0.77525824,0.93153405,1.3131335,0.0,1.1105064,1.0771078,0.0128388405,1.2423425,0.0,1.49195,0.18122935,1.7192287,0.82045525,0.8256292,0.4391719,1.6324582,0.0,0.0,-1.7370272
a40,0.47606015,1.3397607,0.0,0.9360138,0.9431796,1.288989,0.8671591,0.67519623,1.3536081,2.0078034,0.0,0.0,0.0,1.6629846,0.43612927,0.3806705,1.3010988,0.0,0.9491924,0.92288077,0.0,0.44354576,0.0,0.0,0.0,1.5812564,0.6841777,0.7372773,0.0,1.5087543,0.0,0.0,-2.640544
a41,0.0,0.0,0.32143068,0.0,0.0,0.0,0.0,0.49119774,0.0,0.0,0.17130184,0.22120476,0.041315556,0.3488109,0.0,0.0,0.0,0.0,0.0,0.0,0.106238216,0.6684773,0.3040688,0.7710805,0.5939319,0.35854352,0.0,0.0,0.096590854,0.38031733,0.83733225,0.17781001,1.8642315
a42,0.10930687,0.61113715,0.0,0.15429604,0.7121911,0.56830525,0.1146816,1.0355912,0.51482165,0.0,0.0,0.0,0.0,1.0036192,0.34025043,0.5843691,0.524186,0.0,0.18060374,0.13597,0.46804342,1.0881785,0.0,0.14625168,0.0,0.94598573,0.1768561,0.24792784,0.59627724,0.9182586,0.0,0.0,1.1985962
a43,0.34220862,0.12555742,0.3586371,0.0,0.0,0.07209444,0.0,0.14452454,0.12949431,0.9025767,0.08593106,0.0,0.0,0.5569181,0.0,0.0,0.07696235,0.0,0.0,0.0,0.0,0.12967086,0.0,0.12865543,0.27760673,0.5738237,0.0,0.0,0.0,0.58316493,0.0,0.0,-0.5469126
a44,0.0,0.0,0.0,0.0,0.0,0.0,0.0,0.3141106,0.0,0.0,0.15478659,0.17701405,0.008179426,0.3857957,0.0,0.01645264,0.0,0.0,0.0,0.0,0.16952449,0.6355177,0.24815345,0.7943759,0.51556134,0.39689028,0.0,0.0,0.11732055,0.41655797,0.84205914,0.1172145,0.28491643
a45,0.0,0.0,0.28172946,0.0,0.02794063,0.0,0.0,0.5447903,0.0,0.0,0.105495155,0.15850848,0.0,0.41901994,0.0,0.05624047,0.0,0.0,0.0,0.0,0.14473876,0.7031474,0.20308113,0.65653133,0.274827,0.42125243,0.0,0.0,0.17419952,0.43767768,0.7133758,0.11329907,2.1824346
a46,0.013050377,1.039167,0.39924705,0.70490706,0.5998498,1.045962,0.635859,0.8301781,1.0634103,1.1921587,0.0,0.0,0.0,1.469373,0.45062834,0.5959309,0.92288756,0.0,0.7188693,0.6920887,0.0,0.96241415,0.0,1.5883641,0.5106524,1.4023519,0.5475485,0.58942,0.15724035,1.3427234,0.0,0.0,-1.796233
a47,0.75125694,2.7402534,0.6527364,2.5096068,2.0853782,2.8035636,2.3687825,1.9683425,2.7931802,2.4221897,0.0,0.0,0.0,3.0843904,1.8991454,1.9262106,2.5812268,0.0,2.5344758,2.48914,0.3513519,1.945066,0.0,2.1117136,0.0,2.8717008,1.8129816,1.6870241,1.0384569,2.6911986,0.0,0.0,-2.4613006
a48,0.4057988,1.2185117,0.8041835,0.86865914,0.8479781,1.212974,0.7954192,1.1214418,1.2193241,0.9996226,0.0,0.0,0.0,1.6273305,0.622176,0.81833243,1.108737,0.0,0.8864962,0.85376585,0.04298967,1.1857069,0.0,1.4965773,0.35553074,1.5376382,0.66596454,0.6889941,0.40932375,1.4652572,0.0,0.0,-2.4134128
a49,0.0,1.3817357,0.0,1.0466298,1.0847266,1.393987,0.96505547,1.3052638,1.3528018,0.57073855,0.0,0.0,0.0,1.7890089,1.0048966,1.1878885,1.2394383,0.0,1.0733453,1.0273563,0.6385508,1.5137746,0.0,1.4737964,0.0,1.6746101,0.80371314,0.7899305,0.89431,1.5892122,0.0,0.0,-3.5638373
a50,0.04763472,0.15615499,0.11360383,0.0,0.2556535,0.09891868,0.0,0.8001003,0.048381925,0.0,0.0,0.011537194,0.0,0.57732207,0.0,0.27549,0.072461486,0.0,0.0,0.0,0.41442734,0.9214914,0.073770285,0.27221298,0.0,0.55593896,0.0,0.0,0.4300429,0.5597919,0.6465261,0.0,0.06844042
a51,0.0,0.0,0.3234316,0.0,0.0,0.0,0.0,0.0,0.0,0.0,0.6236986,0.5955995,0.44545376,0.0,0.0,0.0,0.0,0.20366049,0.0,0.0,0.0,0.07605165,0.59201384,0.9058585,1.1591887,0.021355212,0.0,0.0,0.0,0.074518144,0.75177646,0.5012748,2.5021033
a52,0.0,0.0,0.5350491,0.0,0.0,0.0,0.0,0.07014485,0.0,0.0,0.50446814,0.49692965,0.33262676,0.061918437,0.0,0.0,0.0,0.12744167,0.0,0.0,0.0,0.24174434,0.5030463,0.99085903,0.87815726,0.11178613,0.0,0.0,0.0,0.1564815,0.714911,0.41613552,2.0520763
a53,0.0,0.0,0.4834193,0.0,0.0,0.0,0.0,0.0,0.0,0.0,0.556488,0.5437181,0.38925356,0.010317415,0.0,0.0,0.0,0.16638753,0.0,0.0,0.0,0.14955837,0.5528629,0.7880163,1.2838016,0.066676915,0.0,0.0,0.0,0.11542356,0.7701564,0.4610006,0.41049716
a54,0.0,0.0,0.14883566,0.0,0.0,0.0,0.0,0.084868036,0.0,0.0,0.439476,0.44386208,0.29063666,0.112487435,0.0,0.0,0.0,0.09034845,0.0,0.0,0.0,0.28625363,0.48889542,0.6382642,1.2639188,0.1553759,0.0,0.0,0.0,0.19606826,0.87044024,0.37109447,3.1229744
a55,0.0,0.0,0.0,0.0,0.0,0.0,0.0,0.04641134,0.0,0.0,0.4289742,0.4374388,0.30392927,0.11342931,0.0,0.0,0.0,0.091251194,0.0,0.0,0.0,0.30827987,0.52768743,0.55819273,1.5532718,0.15567464,0.0,0.0,0.0,0.1962733,1.0365555,0.36856228,3.1361659
a56,0.0,0.0,0.0,0.0,0.0,0.0,0.0,0.0,0.0,0.0,0.51380706,0.49257377,0.34763986,0.053718746,0.0,0.0,0.0,0.12790039,0.0,0.0,0.0,0.11970633,0.50735843,0.39307594,1.5873795,0.107497394,0.0,0.0,0.0,0.15329972,0.82120275,0.40803277,1.5215056
a57,0.0,0.0,0.12759519,0.0,0.0,0.0,0.0,0.28218722,0.0,0.0,0.29398602,0.32119924,0.15090597,0.24343723,0.0,0.0,0.0,0.0,0.0,0.0,0.0,0.484474,0.38188207,0.5995331,0.8086617,0.26816434,0.0,0.0,0.0,0.2985012,0.8324313,0.2624783,0.5354955
a58,0.75188756,0.40553308,0.7001256,0.0,0.7362766,0.3437134,0.0,1.3167627,0.25800157,0.0,0.0,0.0,0.0,0.7900564,0.19934505,0.5891677,0.33470285,0.0,0.0,0.0,0.71994287,1.2625225,0.0,0.30322027,0.0,0.7366336,0.00020736456,0.08745772,0.803772,0.7230009,0.55587196,0.0,0.75448734
a59,2.1024423,0.8929695,1.5605116,0.31777155,1.4798381,0.8150693,0.28234684,2.0828595,0.6888995,0.0,0.0,0.0,0.0,1.1960042,0.5754908,1.0025184,0.8448992,0.0,0.35419726,0.29317856,0.962211,1.6860504,0.0,0.0,0.0,1.0884821,0.3000341,0.3496819,1.1968957,1.0426419,0.0,0.0,-0.6419299
a60,0.0,0.8734648,0.0,0.43612063,0.77062917,0.79646397,0.38495803,1.1994312,0.7700168,0.0,0.0,0.0,0.0,1.2575715,0.63758,0.9086065,0.7701044,0.0,0.4668306,0.41559863,0.75803,1.2870594,0.0,0.0,0.15065265,1.1736414,0.37936527,0.4174505,0.89134955,1.1263642,0.0,0.0,-1.356656
a61,0.0,0.0,0.0,0.0,0.0,0.0,0.0,0.3733879,0.0,0.0,0.1047585,0.13827252,0.0,0.4222679,0.0,0.06978905,0.0,0.0,0.0,0.0,0.2265442,0.6622768,0.22874188,0.4506445,0.870718,0.42749614,0.0,0.0,0.17579858,0.4442202,0.8983216,0.08863419,-0.6783353
a62,0.0602687,0.019132137,0.22994983,0.0,0.07472372,0.0,0.0,0.655228,0.0,0.0,0.055232346,0.12776309,0.0,0.45426846,0.0,0.11822122,0.0,0.0,0.0,0.0,0.25233176,0.7917882,0.20071626,0.4346242,0.17067194,0.448335,0.0,0.0,0.26291513,0.46176493,0.73145103,0.09638369,0.4215327
a63,0.0,0.10805941,0.0,0.0,0.041116476,0.07040787,0.0,0.4274222,0.057346106,0.0,0.0037526488,0.0,0.0,0.560891,0.0,0.07520619,0.016857743,0.0,0.0,0.0,0.03558308,0.6503446,0.0,0.6597371,0.1313734,0.5582809,0.0,0.0,0.08785527,0.56514984,0.30512905,0.0,0.121823035
a64,3.7741659,0.6962421,3.5989833,0.05286944,1.4447193,0.5827571,0.03274882,2.4163504,0.47056544,0.0,0.0,0.0,0.0,0.98255545,0.17911392,0.77976286,0.6954651,0.0,0.08374071,0.030915499,0.65340865,1.6776549,0.0,0.44885492,0.0,0.8887778,0.10969812,0.19644076,1.0019778,0.8576078,0.014486074,0.0,-0.86652493
a66,0.0,0.0,0.0,0.0,0.0,0.0,0.0,0.0,0.0,0.057520986,0.58601815,0.54771495,0.3884912,0.0,0.0,0.0,0.0,0.16453555,0.0,0.0,0.0,0.0,0.49657094,0.1046381,1.5603042,0.060836196,0.0,0.0,0.0,0.111337185,0.65502405,0.4520959,1.5880084
a67,0.0,0.007589817,0.0,0.0,0.0710206,0.0,0.0,0.64976776,0.0,0.0,0.042460084,0.14871198,0.0,0.44348717,0.0,0.21765769,0.0,0.0,0.0,0.0,0.47618073,0.8361816,0.29271626,0.022008419,0.2890365,0.43408412,0.0,0.0,0.44419834,0.44789886,1.0591366,0.12115544,1.9764595
a68,0.16568005,0.0,0.7685108,0.0,0.0,0.0,0.0,0.36899066,0.0,0.0,0.20540482,0.19099826,0.0,0.37133276,0.0,0.0,0.0,0.0,0.0,0.0,0.0,0.502737,0.12349355,1.0826273,0.29851723,0.38913143,0.0,0.0,0.0,0.4104246,0.30952048,0.11720723,-0.8224491
a69,1.0673256,0.2581352,1.3782936,0.0,0.5280379,0.19584537,0.0,1.1909394,0.13307023,0.0,0.0,0.0,0.0,0.65848297,0.00450027,0.35730827,0.181023,0.0,0.0,0.0,0.41997328,1.1180556,0.0,0.90787697,0.0,0.62371486,0.0,0.003224969,0.50169194,0.620627,0.42058897,0.0,-6.0
a70,0.99834967,0.19157028,1.3559002,0.0,0.39561784,0.12983584,0.0,1.0484636,0.08175945,0.0,0.0,0.0,0.0,0.60168284,0.0,0.24677306,0.11557615,0.0,0.0,0.0,0.27058846,1.0008084,0.009120941,0.93314266,0.0,0.576877,0.0,0.0,0.36083406,0.57855785,0.3848138,0.0,-2.0894823
a71,0.0,0.0,0.0,0.0,0.0,0.0,0.0,0.080220565,0.0,0.0,0.3838179,0.39355046,0.23166764,0.16124773,0.0,0.0,0.0,0.051457405,0.0,0.0,0.0,0.2812068,0.42957604,0.21762037,1.3934022,0.1984446,0.0,0.0,0.0,0.23547429,0.8402734,0.32709414,1.0298392
a72,0.0,0.0,0.0,0.0,0.0,0.0,0.0,0.0,0.0,0.0,0.5232973,0.49710807,0.33799165,0.050475866,0.0,0.0,0.0,0.1270974,0.0,0.0,0.0,0.05011499,0.4702555,0.21510363,1.555681,0.10602412,0.0,0.0,0.0,0.15221062,0.7111273,0.4089302,2.6706693
a73,0.0,0.0,0.0,0.0,0.0,0.0,0.0,0.18255284,0.0,0.0,0.3247618,0.3426159,0.17283893,0.21253979,0.0,0.0,0.0,0.014168501,0.0,0.0,0.0,0.34379435,0.3785553,0.18984509,1.4224331,0.24267757,0.0,0.0,0.0,0.2755891,0.7961676,0.28533912,2.228508
a74,0.00624156,0.099004626,0.0,0.0,0.042518854,0.0010147095,0.0,0.7234762,0.0,0.0,0.0,0.061366916,0.0,0.51721853,0.0,0.21146423,0.020321012,0.0,0.0,0.0,0.34352586,0.8092949,0.15192842,0.0,0.7383441,0.5014249,0.0,0.0,0.35705,0.5097405,0.78676414,0.050010502,0.82739705
a75,1.4243827,0.45637715,1.4490237,0.0,0.9250736,0.39292455,0.0,1.5166681,0.29655635,0.0,0.0,0.0,0.0,0.8209904,0.22464126,0.58343196,0.385216,0.0,0.0,0.0,0.6620146,1.3414574,0.0,0.5212021,0.0,0.76064914,0.018753946,0.10559362,0.78301084,0.74441856,0.27122164,0.0,-2.0622315
a76,1.8016739,0.28359842,1.8020554,0.0,0.5014247,0.16304338,0.0,1.4144552,0.13224697,0.0,0.0,0.0,0.0,0.64976424,0.0,0.3470462,0.23970401,0.0,0.0,0.0,0.30469003,1.1051047,0.011166215,0.24462175,0.2756045,0.6093713,0.0,0.0,0.49574313,0.6058853,0.47950387,0.0,-0.646403
a77,0.36720574,0.0,0.6561781,0.0,0.0,0.0,0.0,0.6526261,0.0,0.0,0.1605444,0.24069852,0.0535115,0.33421862,0.0,0.0,0.0,0.0,0.0,0.0,0.06860468,0.6838883,0.3466239,0.4316616,0.968683,0.34013385,0.0,0.0,0.11994962,0.36233455,0.89402556,0.21629888,0.8223596
a78,0.5542816,0.05490887,0.8545332,0.0,0.12893021,0.0,0.0,0.83113664,0.0,0.0,0.022200644,0.103130996,0.0,0.4798298,0.0,0.13161665,0.0,0.0,0.0,0.0,0.18829323,0.8370499,0.16152084,0.6780863,0.30818367,0.47008455,0.0,0.0,0.25076294,0.48115945,0.6514814,0.080521405,1.0685421
a79,1.9518108,0.69445884,1.7391509,0.13429558,1.2909594,0.62873876,0.103912234,1.8622656,0.509199,0.0,0.0,0.0,0.0,1.0229144,0.42532355,0.79815733,0.63301694,0.0,0.1676352,0.111278296,0.80861926,1.5461942,0.0,0.26043034,0.0,0.9363279,0.17041475,0.23678148,0.9974326,0.90418845,0.0,0.0,-3.232844
a80,0.0,0.0,0.06610894,0.0,0.0,0.0,0.0,0.37117636,0.0,0.0,0.21674383,0.25108784,0.07477474,0.31631124,0.0,0.0,0.0,0.0,0.0,0.0,0.02743408,0.57664394,0.31883729,0.63646317,0.69211423,0.3322112,0.0,0.0,0.02371727,0.3568883,0.8299587,0.1959905,0.22657928
a81,0.10316783,0.0,0.45627415,0.0,0.0,0.0,0.0,0.14084452,0.0,0.012247801,0.3731761,0.35023075,0.1421367,0.21202552,0.0,0.0,0.0,0.0015963912,0.0,0.0,0.0,0.25737286,0.26400518,0.56839037,0.54037416,0.24831337,0.0,0.0,0.0,0.2820732,0.34819412,0.26456314,-3.136677
a82,0.0,0.0,0.04432702,0.0,0.0,0.0,0.0,0.11093566,0.0,0.0,0.36759984,0.3563286,0.17569953,0.20172757,0.0,0.0,0.0,0.013761103,0.0,0.0,0.0,0.31085825,0.3399818,0.5619893,0.7826873,0.237319,0.0,0.0,0.0,0.27170497,0.59977627,0.2776819,0.871924
a83,0.36347508,0.0,0.8871809,0.0,0.0,0.0,0.0,0.21044928,0.0,0.0,0.36338574,0.34919012,0.14572781,0.2074157,0.0,0.0,0.0,0.009677291,0.0,0.0,0.0,0.27026594,0.26978874,0.62149143,0.8398149,0.24306738,0.0,0.0,0.0,0.27690607,0.3489554,0.276044,-2.407601
a84,0.1558919,0.0,0.6263889,0.0,0.0,0.0,0.0,0.40452412,0.0,0.0,0.22125769,0.248416,0.045853615,0.3199247,0.0,0.0,0.0,0.0,0.0,0.0,0.0,0.50717056,0.2443943,0.5250068,0.59493005,0.33675212,0.0,0.0,0.0,0.36128563,0.56776214,0.19224364,-4.5086384
a85,0.0,0.32079804,0.0,0.0,0.39208424,0.24927914,0.0,0.90256387,0.19921982,0.0,0.0,0.0,0.0,0.723,0.17264813,0.445848,0.23133063,0.0,0.0,0.0,0.5933952,1.0091263,0.0,0.0,0.0,0.68443066,0.0,0.052482545,0.60635424,0.6771761,0.5534823,0.0,3.2262135
a86,0.29200006,0.45257032,0.0,0.0,0.64679646,0.3799789,0.0,1.1692026,0.30945146,0.0,0.0,0.0,0.0,0.8317048,0.28563648,0.589981,0.3718412,0.0,0.0,0.0,0.7176816,1.1707654,0.0,0.0,0.0,0.77642554,0.03813857,0.120424986,0.7743269,0.7602734,0.44371367,0.0,-0.3754807
a88,2.15249,0.0,1.5235279,0.0,0.0,0.0,0.0,0.0,0.0,1.8929648,1.157897,0.97062683,0.57675177,0.0,0.0,0.0,0.0,0.40878332,0.0,0.0,0.0,0.0,0.24260688,0.0,0.0,0.0,0.0,0.0,0.0,0.0,0.0,0.7781026,-1.5248084
a89,0.60241723,0.0,0.63829935,0.0,0.0,0.0,0.0,0.0,0.0,0.8966162,1.0432403,0.92120075,0.70107484,0.0,0.0,0.0,0.0,0.42553818,0.0,0.0,0.0,0.0,0.6206255,0.22028637,0.5192219,0.0,0.0,0.0,0.0,0.0,0.0,0.7715639,2.0039263
a90,1.0268519,0.0,1.0577205,0.0,0.0,0.0,0.0,0.0,0.0,0.9852712,1.0257378,0.90052605,0.6589732,0.0,0.0,0.0,0.0,0.40608233,0.0,0.0,0.0,0.0,0.555707,0.23555851,0.34075356,0.0,0.0,0.0,0.0,0.0,0.0,0.7512063,1.387534
a91,1.9003592,0.0,1.8657899,0.0,0.0,0.0,0.0,0.0,0.0,1.3627193,1.0490108,0.899054,0.5702959,0.0,0.0,0.0,0.0,0.37259483,0.0,0.0,0.0,0.0,0.37919557,0.66964054,0.0,0.0,0.0,0.0,0.0,0.0,0.0,0.7243312,0.6265363
a92,1.6932135,0.0,1.5581595,0.0,0.0,0.0,0.0,0.0,0.0,1.4047158,1.1008348,0.94630575,0.62514096,0.0,0.0,0.0,0.0,0.41081962,0.0,0.0,0.0,0.0,0.4206823,0.35338116,0.0,0.0,0.0,0.0,0.0,0.0,0.0,0.76977634,-2.2098556
a94,1.3885694,0.0,1.8425272,0.0,0.0,0.0,0.0,0.0,0.0,0.70437,0.7287773,0.64432126,0.3605265,0.0,0.0,0.0,0.0,0.19622788,0.0,0.0,0.0,0.0,0.32269895,1.4273753,0.0,0.013395697,0.0,0.0,0.0,0.06899738,0.0,0.5087945,-0.42657602
a96,1.5446851,0.0,1.8978655,0.0,0.0,0.0,0.0,0.0,0.0,0.8853247,0.843392,0.74055576,0.4423645,0.0,0.0,0.0,0.0,0.26225433,0.0,0.0,0.0,0.0,0.36440015,1.3230548,0.0,0.0,0.0,0.0,0.0,0.0,0.0,0.59021413,-0.1920025
a98,0.76510715,0.0,0.9741199,0.0,0.0,0.0,0.0,0.0,0.0,0.71150446,0.9172131,0.81834745,0.59845954,0.0,0.0,0.0,0.0,0.35125685,0.0,0.0,0.0,0.0,0.55896986,0.53095436,0.4965191,0.0,0.0,0.0,0.0,0.0,0.0,0.683779,0.9704539
a99,0.09862393,0.0,0.7113383,0.0,0.0,0.0,0.0,0.0,0.0,0.12723637,0.6783074,0.6391824,0.44728,0.0,0.0,0.0,0.0,0.2203924,0.0,0.0,0.0,0.009882748,0.5434437,1.0030632,0.2529645,0.0,0.0,0.0,0.0,0.052881807,0.4312389,0.529786,-2.9641702
a100,0.5550548,0.0,1.0990064,0.0,0.0,0.0,0.0,0.0,0.0,0.28188336,0.69056916,0.64142835,0.42708498,0.0,0.0,0.0,0.0,0.22021973,0.0,0.0,0.0,0.0,0.482656,0.88060284,0.26236224,0.0,0.0,0.0,0.0,0.05155611,0.19099164,0.53231364,-0.1579171
a101,0.30208278,0.0,0.8609538,0.0,0.0,0.0,0.0,0.0,0.0,0.17929041,0.6843331,0.637465,0.4476391,0.0,0.0,0.0,0.0,0.22020534,0.0,0.0,0.0,0.022616684,0.53605723,1.2409148,0.18934536,0.0,0.0,0.0,0.0,0.05335194,0.38363767,0.5256796,-0.36327347
a102,0.5839902,0.0,1.1820207,0.0,0.0,0.0,0.0,0.058376692,0.0,0.1964494,0.558581,0.5165092,0.30334795,0.049931586,0.0,0.0,0.0,0.12585178,0.0,0.0,0.0,0.13346463,0.38327515,1.3000417,0.04793477,0.1061157,0.0,0.0,0.0,0.15237811,0.19863462,0.41493687,0.36615893
a103,0.51129746,0.0,0.9400557,0.0,0.0,0.0,0.0,0.0,0.0,0.28815138,0.5732385,0.51896757,0.30046654,0.045460016,0.0,0.0,0.0,0.124500185,0.0,0.0,0.0,0.06112647,0.36151767,1.0154057,0.06607604,0.10389957,0.0,0.0,0.0,0.15086299,0.12331653,0.41140425,-1.7807299
a104,0.97887635,0.0,1.3938487,0.0,0.0,0.0,0.0,0.0,0.0,0.7114525,0.85999906,0.7633913,0.5290884,0.0,0.0,0.0,0.0,0.30442482,0.0,0.0,0.0,0.0,0.491758,0.91695213,0.10023475,0.0,0.0,0.0,0.0,0.0,0.0,0.6280358,1.1729798
a105,1.3439374,0.0,1.620538,0.0,0.0,0.0,0.0,0.0,0.0,0.9121587,0.82984114,0.7157719,0.44365096,0.0,0.0,0.0,0.0,0.25510955,0.0,0.0,0.0,0.0,0.36135364,0.8433809,0.0,0.0,0.0,0.0,0.0,0.0032373667,0.0,0.5710257,1.0793654
a106,1.7760541,2.6517186,1.2669485,2.3865147,2.1587589,2.7341757,2.2539644,1.8041828,2.7260869,3.0682573,0.0,0.0,0.0,2.9689457,1.5576615,1.5011618,2.5397544,0.0,2.403449,2.369454,0.0,1.5694928,0.0,1.6770592,0.0,2.7756019,1.7092211,1.6197481,0.50479853,2.605128,0.0,0.0,-3.5686362
a107,1.2853152,0.95528233,1.4322271,0.58000696,0.6788504,0.9732362,0.51973915,0.74567443,0.9967327,1.7842376,0.0,0.0,0.0,1.3574066,0.0905835,0.19297951,0.8905971,0.0,0.5853952,0.5706047,0.0,0.6352804,0.0,1.4061971,0.0,1.3080316,0.44286805,0.52200216,0.0,1.2578337,0.0,0.0,-3.29243
a108,1.2933222,0.0,1.5660961,0.0,0.0,0.0,0.0,0.0,0.0,0.9681845,0.93005604,0.8165979,0.5605468,0.0,0.0,0.0,0.0,0.34522218,0.0,0.0,0.0,0.0,0.45237482,0.31681776,0.43891156,0.0,0.0,0.0,0.0,0.0,0.0,0.68020564,-3.7351823
a109,0.839169,0.0,1.3293078,0.0,0.0,0.0,0.0,0.0,0.0,0.5891831,0.78298426,0.69798875,0.47128218,0.0,0.0,0.0,0.0,0.2568073,0.0,0.0,0.0,0.0,0.46284032,1.0992808,0.025259256,0.0,0.0,0.0,0.0,0.008695334,0.0,0.5692691,-3.2831624
a110,0.16339892,0.0,0.5933161,0.0,0.0,0.0,0.0,0.0,0.0,0.14380002,0.70222974,0.6568526,0.47699058,0.0,0.0,0.0,0.0,0.23900092,0.0,0.0,0.0,0.0,0.57412577,0.96091366,0.5255282,0.0,0.0,0.0,0.0,0.03351876,0.46817303,0.54860306,0.38965932
a111,0.72527707,0.0,1.0124611,0.0,0.0,0.0,0.0,0.0,0.0,0.8054235,0.58208966,0.4758847,0.21574241,0.08229768,0.0,0.0,0.0,0.07860631,0.0,0.0,0.0,0.0,0.15159631,1.0562139,0.0,0.14613307,0.0,0.0,0.0,0.19142586,0.0,0.34759796,-0.42036843
a112,0.5597079,0.0,1.0963537,0.0,0.0,0.0,0.0,0.0,0.0,0.3114165,0.67663205,0.62082076,0.4035023,0.0,0.0,0.0,0.0,0.1994555,0.0,0.0,0.0,0.0,0.45804036,1.2106972,0.0,0.018243253,0.0,0.0,0.0,0.07249838,0.14719677,0.5045923,-3.9586072
a113,1.263944,2.6985116,1.1328853,2.4509912,2.2870378,2.8013062,2.3135166,1.9569247,2.7555697,2.666967,0.0,0.0,0.0,3.03316,1.7775831,1.773695,2.5604694,0.0,2.4733682,2.4316788,0.1412983,1.8701158,0.0,2.3521109,0.0,2.827271,1.766185,1.6539638,0.8549547,2.6510046,0.0,0.0,-3.779892
a114,1.5740483,0.0,2.2632723,0.0,0.278548,0.0,0.0,0.8787429,0.0,0.0,0.24499029,0.31662154,0.06520367,0.28722697,0.0,0.0,0.0,0.0,0.0,0.0,0.0,0.76255953,0.30164623,1.7783718,0.0,0.29783994,0.0,0.0,0.0,0.323377,0.36615515,0.27508265,-0.40184882
a115,0.7185446,0.0,1.3150406,0.0,0.0,0.0,0.0,0.16216719,0.0,0.16629207,0.50732875,0.47198159,0.24164462,0.10317558,0.0,0.0,0.0,0.08608693,0.0,0.0,0.0,0.23117006,0.3288151,1.4400659,0.0,0.15194055,0.0,0.0,0.0,0.19399077,0.112068415,0.3720261,-4.2596374
a116,0.36874247,0.0,0.7770226,0.0,0.0,0.0,0.0,0.0,0.0,0.2377497,0.7601873,0.70751846,0.52230424,0.0,0.0,0.0,0.0,0.27808234,0.0,0.0,0.0,0.0,0.59422004,0.87763834,0.68721056,0.0,0.0,0.0,0.0,0.0,0.3834815,0.5967906,2.1518295
a117,0.0,0.0,0.0,0.0,0.0,0.0,0.0,0.0,0.0,0.0,0.50422275,0.48966482,0.34567487,0.055202454,0.0,0.0,0.0,0.1288194,0.0,0.0,0.0,0.12538356,0.508109,0.35800028,1.6692375,0.10811263,0.0,0.0,0.0,0.15365991,0.8331628,0.41105244,-0.7466353
a118,0.10459441,0.0,0.42268038,0.0,0.0,0.0,0.0,0.0,0.0,0.21478534,0.64741176,0.5994258,0.40461272,0.0,0.0,0.0,0.0,0.19280046,0.0,0.0,0.0,0.0,0.47829485,0.5735774,0.6284398,0.026220232,0.0,0.0,0.0,0.07981503,0.34054375,0.49417862,-0.33865592
a119,0.0,0.0,0.0,0.0,0.0,0.0,0.0,0.0,0.0,0.38681495,0.7408742,0.6657512,0.4960577,0.0,0.0,0.0,0.0,0.25022805,0.0,0.0,0.0,0.0,0.5293058,0.09187126,1.2874202,0.0,0.0,0.0,0.0,0.016926736,0.3892212,0.5519562,-1.2172194
a120,0.53584385,0.0,1.0246571,0.0,0.0,0.0,0.0,0.51076376,0.0,0.0,0.29234862,0.3349756,0.121709704,0.24871236,0.0,0.0,0.0,0.0,0.0,0.0,0.0,0.58514535,0.34910393,1.1233811,0.0,0.26895326,0.0,0.0,0.0,0.29836482,0.5693264,0.28138494,-0.41863298
a121,0.7014781,0.0,0.8178226,0.0,0.0,0.0,0.0,0.043781787,0.0,0.98287606,0.2449094,0.123456836,0.0,0.4047386,0.0,0.0,0.0,0.0,0.0,0.0,0.0,0.0,0.0,0.3202243,0.5754627,0.43900728,0.0,0.0,0.0,0.4600821,0.0,0.023125172,-1.6407338
a122,0.0,0.0,0.0,0.0,0.0,0.0,0.0,0.0,0.0,0.040985227,0.45864394,0.4222467,0.24069577,0.13295728,0.0,0.0,0.0,0.05948603,0.0,0.0,0.0,0.15416086,0.3552407,0.5966873,0.7341111,0.18093467,0.0,0.0,0.0,0.22103164,0.51886916,0.32632703,-2.4153297
a123,0.7365216,0.0,1.1111213,0.0,0.0,0.0,0.0,0.0,0.0,0.61885047,0.76293206,0.67672515,0.4419033,0.0,0.0,0.0,0.0,0.23726317,0.0,0.0,0.0,0.0,0.42392564,0.96883535,0.0,0.0,0.0,0.0,0.0,0.027843207,0.0,0.5471287,-0.080105886
a124,0.65393555,0.0,0.9762403,0.0,0.0,0.0,0.0,0.0,0.0,0.63844466,0.79385996,0.7060307,0.4676699,0.0,0.0,0.0,0.0,0.2565917,0.0,0.0,0.0,0.0,0.4444443,0.7388201,0.0,0.0,0.0,0.0,0.0,0.0059951544,0.0,0.57261753,-1.6263709
a125,0.5519805,0.0,0.92019665,0.0,0.0,0.0,0.0,0.0,0.0,0.56115556,0.7956962,0.7136133,0.4866572,0.0,0.0,0.0,0.0,0.26535815,0.0,0.0,0.0,0.0,0.4831792,0.8014922,0.0,0.0,0.0,0.0,0.0,0.0,0.0,0.5824646,-1.6869558
a126,0.17439926,0.0,0.5063052,0.0,0.0,0.0,0.0,0.0,0.0,0.2187345,0.73629487,0.68463004,0.49792665,0.0,0.0,0.0,0.0,0.25731376,0.0,0.0,0.0,0.0,0.57587886,0.7976136,0.50260437,0.0,0.0,0.0,0.0,0.012506872,0.3991692,0.5717169,2.1763954
a127,1.3018895,1.0638791,1.4189541,0.6905428,0.8031888,1.080454,0.62637377,0.8704109,1.0967207,1.6919873,0.0,0.0,0.0,1.4597406,0.22576553,0.33799058,0.9956255,0.0,0.69871914,0.6799511,0.0,0.7611081,0.0,1.3303928,0.0,1.3973849,0.52341634,0.5881863,0.0,1.3391392,0.0,0.0,-2.9211807
a128,0.2806058,0.0,0.7209586,0.0,0.0,0.0,0.0,0.0,0.0,0.33449304,0.7221452,0.65939105,0.4523726,0.0,0.0,0.0,0.0,0.22853497,0.0,0.0,0.0,0.0,0.50536275,1.0655236,0.0,0.0,0.0,0.0,0.0,0.040281504,0.21930528,0.5366478,1.9562056
a129,0.0,0.0,0.4800248,0.0,0.0,0.0,0.0,0.0,0.0,0.19840777,0.7136487,0.65970886,0.48210925,0.0,0.0,0.0,0.0,0.2387768,0.0,0.0,0.0,0.0,0.5675545,0.8795867,0.5637994,0.0,0.0,0.0,0.0,0.03219205,0.466738,0.5444987,0.84408426
a130,0.36738312,0.0,0.48764884,0.0,0.0,0.0,0.0,0.0,0.0,0.7426884,0.9176677,0.80753666,0.6130129,0.0,0.0,0.0,0.0,0.35265982,0.0,0.0,0.0,0.0,0.5675833,0.0,1.5407507,0.0,0.0,0.0,0.0,0.0,0.047374964,0.6762551,1.3889568
a131,0.4800403,0.0,0.84828246,0.0,0.0,0.0,0.0,0.0,0.0,0.38875496,0.710584,0.6489804,0.42327893,0.0,0.0,0.0,0.0,0.21562299,0.0,0.0,0.0,0.0,0.45855498,1.1701846,0.0,0.0,0.0,0.0,0.0,0.053640574,0.067991495,0.5254041,-0.014520533
a132,0.37826324,0.0,0.42514193,0.0,0.0,0.0,0.0,0.0,0.0,0.63922787,0.821671,0.7311631,0.51369745,0.0,0.0,0.0,0.0,0.2852102,0.0,0.0,0.0,0.0,0.48602462,0.15865469,0.6234093,0.0,0.0,0.0,0.0,0.0,0.0,0.6037008,1.1565181
a133,0.010035038,0.0,0.42068994,0.0,0.0,0.0,0.0,0.110305205,0.0,0.0,0.4985198,0.5115508,0.34016025,0.05855897,0.0,0.0,0.0,0.13467863,0.0,0.0,0.0,0.3031448,0.54211247,0.8197861,0.47702813,0.104643315,0.0,0.0,0.0,0.14930236,0.7776451,0.43540314,-0.066698514
a134,0.73586524,0.0,1.3281647,0.0,0.0,0.0,0.0,0.18799335,0.0,0.1475972,0.4287914,0.39792132,0.18105555,0.161515,0.0,0.0,0.0,0.04251921,0.0,0.0,0.0,0.2300508,0.26381755,1.1112638,0.26962352,0.20468336,0.0,0.0,0.0,0.24217784,0.1388998,0.3145339,-1.2091943
a135,0.0,0.0,0.038763523,0.0,0.0,0.0,0.0,0.0,0.0,0.2452296,0.7205498,0.6635442,0.49576646,0.0,0.0,0.0,0.0,0.24977982,0.0,0.0,0.0,0.0,0.5613619,0.39935064,1.1183609,0.0,0.0,0.0,0.0,0.020592302,0.47752404,0.55580664,0.6685727
a136,0.4989469,0.0,0.7009046,0.0,0.0,0.0,0.0,0.0,0.0,0.6436653,0.8148964,0.727439,0.4920807,0.0,0.0,0.0,0.0,0.27386376,0.0,0.0,0.0,0.0,0.46369338,0.50714207,0.0,0.0,0.0,0.0,0.0,0.0,0.0,0.5943179,0.64596844
a137,1.803359,2.7349372,1.436844,2.4721065,2.3187933,2.8256302,2.3358753,1.984539,2.79446,2.8506365,0.0,0.0,0.0,3.05279,1.7108665,1.6928844,2.6143265,0.0,2.4922643,2.4534812,0.0,1.7827673,0.0,2.0693376,0.0,2.8463478,1.7753985,1.6698177,0.73346496,2.66883,0.0,0.0,-5.221849
a138,0.17176384,0.0,0.4822365,0.0,0.0,0.0,0.0,0.0,0.0,0.35096085,0.6552538,0.59483576,0.37941784,0.0,0.0,0.0,0.0,0.17952213,0.0,0.0,0.0,0.0,0.42166066,0.7508826,0.0,0.038121074,0.0,0.0,0.0,0.09113619,0.14630485,0.478715,0.98055136
a139,0.34867835,0.0,0.48390222,0.0,0.0,0.0,0.0,0.0,0.0,0.64835334,0.8159582,0.72491896,0.50050265,0.0,0.0,0.0,0.0,0.27629736,0.0,0.0,0.0,0.0,0.4718871,0.33943033,0.32672524,0.0,0.0,0.0,0.0,0.0,0.0,0.5938477,0.28683132
a140,0.34428263,0.0,0.49034178,0.0,0.0,0.0,0.0,0.0,0.0,0.66086555,0.81675476,0.7237872,0.5012272,0.0,0.0,0.0,0.0,0.2764739,0.0,0.0,0.0,0.0,0.46955037,0.32078218,0.42439318,0.0,0.0,0.0,0.0,0.0,0.0,0.5928293,-1.1619258
a141,0.44656157,0.0,0.6077002,0.0,0.0,0.0,0.0,0.0,0.0,0.6783161,0.8202577,0.7269539,0.4970647,0.0,0.0,0.0,0.0,0.2758372,0.0,0.0,0.0,0.0,0.46170235,0.4519415,0.15566874,0.0,0.0,0.0,0.0,0.0,0.0,0.59371704,0.7755032
a142,0.662387,0.0,0.7580596,0.0,0.0,0.0,0.0,0.0,0.0,0.75823617,0.8242335,0.72489285,0.4885763,0.0,0.0,0.0,0.0,0.27643466,0.0,0.0,0.0,0.0,0.4317937,0.18621922,0.45608354,0.0,0.0,0.0,0.0,0.0,0.0,0.59442,0.30491257
a143,0.10148895,0.0,0.5629258,0.0,0.0,0.0,0.0,0.0,0.0,0.0863564,0.71418726,0.6728612,0.51199627,0.0,0.0,0.0,0.0,0.26033553,0.0,0.0,0.0,0.0,0.62068486,0.83922005,1.1107835,0.0,0.0,0.0,0.0,0.013310909,0.60087657,0.57125676,2.0671206
a144,0.59794235,0.0,0.7843518,0.0,0.0,0.0,0.0,0.0,0.0,0.6183646,0.83245623,0.7442446,0.5219172,0.0,0.0,0.0,0.0,0.2931397,0.0,0.0,0.0,0.0,0.5020335,0.49484396,0.30346918,0.0,0.0,0.0,0.0,0.0,0.0,0.61504126,2.1313968
a145,1.4717326,0.0,1.4854758,0.0,0.0,0.0,0.0,0.0,0.0,1.0522988,0.63750064,0.52820826,0.1942454,0.052041113,0.0,0.0,0.0,0.09628686,0.0,0.0,0.0,0.0,0.060270667,0.7097721,0.0,0.118665844,0.0,0.0,0.0,0.16651756,0.0,0.38975206,-1.458633
a146,1.6367733,0.0,1.5364307,0.0,0.0,0.0,0.0,0.0,0.0,1.3491244,0.9846787,0.83717686,0.5276251,0.0,0.0,0.0,0.0,0.33996052,0.0,0.0,0.0,0.0,0.3299955,0.046864033,0.0,0.0,0.0,0.0,0.0,0.0,0.0,0.6789356,0.07956941
a147,0.51553833,0.0,0.87911975,0.0,0.0,0.0,0.0,0.0,0.0,0.4636997,0.744908,0.67345333,0.452784,0.0,0.0,0.0,0.0,0.23867679,0.0,0.0,0.0,0.0,0.46967018,0.82055855,0.0,0.0,0.0,0.0,0.0,0.028410077,0.051352978,0.55040497,-0.50324607
a148,0.119609416,0.0,0.332178,0.0,0.0,0.0,0.0,0.0,0.0,0.4949026,0.48540407,0.41029328,0.17945355,0.1434297,0.0,0.0,0.0,0.038995624,0.0,0.0,0.0,0.0145020485,0.1831485,0.7087865,0.06284213,0.19675332,0.0,0.0,0.0,0.23685879,0.0,0.30078602,-1.6773466
a149,0.0,0.0,0.18678725,0.0,0.0,0.0,0.0,0.2575869,0.0,0.0,0.32389283,0.34589052,0.1364981,0.24058759,0.0,0.0,0.0,0.0,0.0,0.0,0.0,0.5067643,0.33774865,0.9127407,0.0,0.266066,0.0,0.0,0.0,0.2968729,0.58962584,0.2670622,-0.5415797
a152,0.90541387,0.0,1.530947,0.0,0.0,0.0,0.0,0.11335041,0.0,0.23772323,0.58648247,0.54631007,0.30312902,0.037736773,0.0,0.0,0.0,0.13485688,0.0,0.0,0.0,0.16869575,0.37533343,1.5213366,0.0,0.09362447,0.0,0.0,0.0,0.14082205,0.026438475,0.4350518,-1.2301208
a154,1.487602,0.0,0.80907,0.0,0.06704807,0.0,0.0,0.0,0.0,1.5126152,0.522581,0.3923918,0.0,0.1947434,0.0,0.0,0.0,0.0,0.0,0.0,0.0,0.0,0.0,0.0,0.0,0.25117683,0.0,0.0,0.0,0.28922677,0.0,0.24864489,-1.7303003
a157,0.8395864,0.0,0.1156857,0.0,0.0,0.0,0.0,0.0,0.0,1.2214127,0.36649436,0.25997806,0.0,0.30620855,0.0,0.0,0.0,0.0,0.0,0.0,0.0,0.0,0.0,0.0,0.0,0.34852743,0.0,0.0,0.0,0.37766397,0.0,0.14423853,-0.40449166
a158,0.0,0.0,0.6563734,0.0,0.0,0.0,0.0,0.12174132,0.0,0.0,0.4819371,0.4706102,0.27563864,0.10761124,0.0,0.0,0.0,0.08910465,0.0,0.0,0.0,0.3491,0.43342602,1.4886789,0.0,0.15268058,0.0,0.0,0.0,0.19401452,0.53208876,0.37373906,0.8620132
a166,0.38957775,0.0,1.1731951,0.0,0.0,0.0,0.0,0.31349498,0.0,0.0,0.432153,0.4471779,0.2687341,0.12353104,0.0,0.0,0.0,0.08815852,0.0,0.0,0.0,0.44340664,0.4722513,1.5341973,0.29289103,0.16225106,0.0,0.0,0.0,0.20158988,0.68270564,0.3775131,0.283571
a168,0.0019506812,0.0,0.46061945,0.0,0.0,0.0,0.0,0.0,0.0,0.034196615,0.68184817,0.6432235,0.48992568,0.0,0.0,0.0,0.0,0.24140507,0.0,0.0,0.0,0.0,0.6122713,0.76839304,1.3780212,0.0,0.0,0.0,0.0,0.033698708,0.66612196,0.5473293,3.2107015
a169,0.0,0.0,0.5218531,0.0,0.0,0.0,0.0,0.0,0.0,0.0,0.60583353,0.5846529,0.44424015,0.0,0.0,0.0,0.0,0.2050752,0.0,0.0,0.0,0.08344579,0.6050395,0.81852007,1.700851,0.02277571,0.0,0.0,0.0,0.07544908,0.8094299,0.50413156,2.932557
a171,0.35831547,0.0,1.0924855,0.0,0.0,0.0,0.0,0.18814531,0.0,0.0,0.5156708,0.5244466,0.39220053,0.019011408,0.0,0.0,0.0,0.1706141,0.0,0.0,0.0,0.24578208,0.597608,1.0695324,2.0353806,0.07090801,0.0,0.0,0.0,0.11821103,0.9299822,0.46764857,2.695725
a173,0.0,0.0,0.4299568,0.0,0.0,0.0,0.0,0.39147854,0.0,0.0,0.31853443,0.3677705,0.17556423,0.22634411,0.0,0.0,0.0,0.012207508,0.0,0.0,0.1100069,0.64402884,0.44475663,1.2105193,0.0,0.24801129,0.0,0.0,0.04415285,0.2792163,0.85633063,0.29719472,-4.180456
a174,0.20791155,0.3737309,0.0,0.0,0.9461558,0.32522178,0.0,1.225452,0.1938641,0.0,0.0,0.0,0.0,0.7326276,0.3091442,0.59489155,0.3060714,0.0,0.0,0.0,0.91262364,1.2056508,0.0,0.0,0.0,0.6765949,0.0,0.04696846,0.92340684,0.6672355,0.55628633,0.0,-1.5275068
a177,0.0,0.0,0.0019950867,0.0,0.0,0.0,0.0,0.067123145,0.0,0.0,0.44254446,0.43887305,0.24153888,0.13685453,0.0,0.0,0.0,0.0652833,0.0,0.0,0.0,0.3112045,0.4062717,0.76351166,0.0,0.17772919,0.0,0.0,0.0,0.21695825,0.5642872,0.3491661,-4.6382723
a178,0.18188679,0.51451457,0.0,0.0,0.96772575,0.47046745,0.0,1.2925141,0.34481966,0.0,0.0,0.0,0.0,0.8774528,0.41709715,0.72648156,0.43955016,0.0,0.026765108,0.0,0.9663223,1.3115947,0.0,0.0,0.0,0.81003755,0.07310909,0.14499575,1.0017014,0.78980047,0.48246765,0.0,-1.3991578
a179,0.0,0.0,0.02068615,0.0,0.13182521,0.0,0.0,0.49543086,0.0,0.0,0.25445902,0.33848923,0.13142413,0.27165407,0.0,0.008753002,0.0,0.0,0.0,0.0,0.35349488,0.76456547,0.4485979,0.89705324,0.0,0.2823779,0.0,0.0,0.2469906,0.3096403,0.95404625,0.27913433,-0.21098721
a182,0.7123823,0.22969663,0.9302306,0.0,0.46127784,0.16665983,0.0,1.11479,0.10301447,0.0,0.0,0.0,0.0,0.6355702,0.020508707,0.37612653,0.14845467,0.0,0.0,0.0,0.49787652,1.1016766,0.044232607,0.66628885,0.0,0.6024827,0.0,0.0,0.55557704,0.60110176,0.6157353,0.0,-3.850781
a183,1.5936902,0.0,1.2949035,0.0,0.0,0.0,0.0,0.0,0.0,1.6950059,0.8025602,0.6191703,0.26945812,0.0,0.0,0.0,0.0,0.16444117,0.0,0.0,0.0,0.0,0.0,0.0,0.0,0.024841249,0.0,0.0,0.0,0.08354467,0.0,0.45848072,-0.3476086
a184,1.965517,0.0,1.5209382,0.0,0.0,0.0,0.0,0.0,0.0,1.9964812,0.7060076,0.50084233,0.10040891,0.05255878,0.0,0.0,0.0,0.061890185,0.0,0.0,0.0,0.0,0.0,0.0,0.0,0.1355794,0.0,0.0,0.0,0.18570012,0.0,0.33569038,-0.8994365
a185,1.6790397,0.0,1.1638832,0.0,0.0,0.0,0.0,0.0,0.0,1.9412613,0.8149333,0.61223006,0.22281414,0.0,0.0,0.0,0.0,0.14515889,0.0,0.0,0.0,0.0,0.0,0.0,0.0,0.038713574,0.0,0.0,0.0,0.09710443,0.0,0.4396631,-1.3125781
a186,1.096945,0.0,0.2765907,0.0,0.0,0.0,0.0,0.0,0.0,1.8313158,0.8208444,0.62452614,0.2844218,0.0,0.0,0.0,0.0,0.17671996,0.0,0.0,0.0,0.0,0.0,0.0,0.8436501,0.0049413443,0.0,0.0,0.0,0.066327184,0.0,0.46973988,-0.18981051
a187,1.9006903,0.0,1.042075,0.0,0.0,0.0,0.0,0.0,0.0,2.2231483,0.8472167,0.62446225,0.22558266,0.0,0.0,0.0,0.0,0.16438878,0.0,0.0,0.0,0.0,0.0,0.0,0.4664396,0.011594415,0.0,0.0,0.0,0.0733259,0.0,0.46123472,-1.4915241
a188,1.9304061,0.0,0.7481766,0.0,0.0,0.0,0.0,0.0,0.0,2.541391,0.6727159,0.42301667,0.0,0.10602099,0.0,0.0,0.0,0.0,0.0,0.0,0.0,0.0,0.0,0.0,0.11196232,0.19286829,0.0,0.0,0.0,0.24033636,0.0,0.2580757,-2.934047
a189,2.5177274,1.0715941,0.4835559,0.61213577,0.5978975,1.0000302,0.56288314,0.0,1.181519,3.9727192,0.0,0.0,0.0,1.3449392,0.0,0.0,1.1425781,0.0,0.5993928,0.61055744,0.0,0.0,0.0,0.0,0.0,1.3270278,0.40563554,0.56220514,0.0,1.2829263,0.0,0.0,-2.3787198
a190,1.1992815,0.0,0.79007804,0.0,0.0,0.0,0.0,0.0,0.0,1.5768192,0.78685415,0.6147758,0.28122532,0.0,0.0,0.0,0.0,0.16580209,0.0,0.0,0.0,0.0,0.023649931,0.0,0.0,0.024611712,0.0,0.0,0.0,0.0831179,0.0,0.45993116,-0.7533931
a191,2.0455487,0.0,1.3046607,0.0,0.0,0.0,0.0,0.0,0.0,2.2008603,0.8304494,0.6101105,0.19831365,0.0,0.0,0.0,0.0,0.14574209,0.0,0.0,0.0,0.0,0.0,0.0,0.0,0.033233285,0.0,0.0,0.0,0.09288746,0.0,0.44137618,-1.1307683
a192,1.2641072,0.0,0.76539326,0.0,0.0,0.0,0.0,0.0,0.0,1.9105747,0.4830691,0.28290373,0.0,0.24600577,0.0,0.0,0.0,0.0,0.0,0.0,0.0,0.0,0.0,0.0,0.32424414,0.3101148,0.0,0.0,0.0,0.34549797,0.0,0.14017177,0.54137725
a193,0.50134873,0.0,0.11667454,0.0,0.0,0.0,0.0,0.0,0.0,1.5162065,0.4536402,0.27880794,0.0,0.23326015,0.0,0.0,0.0,0.0,0.0,0.0,0.0,0.0,0.0,0.0,1.4470668,0.29560423,0.0,0.0,0.0,0.331335,0.0,0.15429574,-0.119849786
a194,0.9477774,0.0,1.0886343,0.0,0.0,0.0,0.0,0.0,0.0,1.0939486,0.61786515,0.48520795,0.21978748,0.047059596,0.0,0.0,0.0,0.09620911,0.0,0.0,0.0,0.0,0.080884576,0.0,1.0219752,0.11994967,0.0,0.0,0.0,0.16862789,0.0,0.36368698,-0.10957842
a195,1.3620701,0.0,1.4678845,0.0,0.0,0.0,0.0,0.0,0.0,1.3697264,0.6402773,0.48627365,0.16673797,0.062906444,0.0,0.0,0.0,0.07512629,0.0,0.0,0.0,0.0,0.0,0.1853919,0.0,0.13662156,0.0,0.0,0.0,0.18457922,0.0,0.34463376,0.14348258
a196,1.2197022,0.0,1.3369453,0.0,0.0,0.0,0.0,0.0,0.0,1.299813,0.62828374,0.48025614,0.17393565,0.06390977,0.0,0.0,0.0,0.07647082,0.0,0.0,0.0,0.0,0.0,0.061068535,0.17701674,0.13694164,0.0,0.0,0.0,0.18470591,0.0,0.34492916,-1.0553002
a197,0.407295,0.0,0.29638553,0.0,0.0,0.0,0.0,0.0,0.0,0.96084976,0.61274266,0.48961636,0.23350489,0.049026042,0.0,0.0,0.0,0.09494308,0.0,0.0,0.0,0.0,0.12746024,0.0,0.87630856,0.12022254,0.0,0.0,0.0,0.16873524,0.0,0.3645504,-0.017963622
a198,1.2326468,0.0,0.70297515,0.0,0.0,0.0,0.0,0.0,0.0,1.9237835,0.48783877,0.28391904,0.0,0.24572045,0.0,0.0,0.0,0.0,0.0,0.0,0.0,0.0,0.0,0.0,0.19059181,0.31030738,0.0,0.0,0.0,0.3457837,0.0,0.13821799,-3.032452
a201,2.042054,2.49575,0.5586113,2.1683578,1.7734299,2.4716816,2.0515456,1.230259,2.5983212,4.0019555,0.0,0.0,0.0,2.7503102,1.0140555,0.79208064,2.4627256,0.0,2.174573,2.1563263,0.0,0.6188643,0.0,0.0,0.0,2.5924048,1.5237985,1.4979708,0.0,2.4408784,0.0,0.0,-2.5202808
a202,0.0,0.6691222,0.0,0.26731694,0.34038138,0.60466063,0.22036183,0.4914176,0.6693661,1.061019,0.0,0.0,0.0,1.0732725,0.06381321,0.15962768,0.59859073,0.0,0.2793821,0.25601828,0.0,0.47904417,0.0,0.0,0.22845936,1.0397344,0.23161107,0.32497782,0.0,1.0100722,0.0,0.0,1.3503731
a203,0.712556,0.0,0.78587544,0.0,0.0,0.0,0.0,0.0,0.0,1.2410362,0.31645286,0.17006338,0.0,0.37035686,0.0,0.0,0.0,0.0,0.0,0.0,0.0,0.0,0.0,0.36712313,0.0,0.41196644,0.0,0.0,0.0,0.43630445,0.0,0.044863284,-0.09096308
a204,1.2972568,0.0,0.68486905,0.0,0.0,0.0,0.0,0.0,0.021939397,2.0104835,0.37231117,0.1640535,0.0,0.3617959,0.0,0.0,0.0,0.0,0.0,0.0,0.0,0.0,0.0,0.0,0.31005716,0.4155028,0.0,0.0,0.0,0.4421965,0.0,0.025318623,-1.0361224
a205,0.8766899,0.0,0.41152704,0.0,0.0,0.0,0.0,0.0,0.0,1.6981289,0.3481822,0.16439098,0.0,0.34824473,0.0,0.0,0.0,0.0,0.0,0.0,0.0,0.0,0.0,0.0,1.2499238,0.4002025,0.0,0.0,0.0,0.4273398,0.0,0.04371667,1.5403211
